회차,구분,문항,배점,가중치,질문 대상,디테일(역사적 사태),정답여부,실제 대상
78회,심화,1,1,1.5,신석기 시대,청동 방울 등을 의례 도구로 이용하였다.,X,청동기 시대
78회,심화,1,1,1.5,신석기 시대,주먹도끼 등 뗀석기를 만들기 시작하였다.,X,구석기 시대
78회,심화,1,1,1.5,신석기 시대,거푸집을 사용하여 세형 동검을 제작하였다.,X,철기 시대
78회,심화,1,1,1.5,신석기 시대,쟁기 쇠스랑 등의 철제 농기구를 사용하였다.,X,철기 시대
78회,심화,1,1,1.5,신석기 시대,가락바퀴와 뼈바늘을 이용하여 옷을 만들었다.,O,신석기 시대
78회,심화,2,3,4.5,고조선의 변천,연의 장수 진개가 고조선을 침략하였다.,X,고조선의 변천
78회,심화,2,3,4.5,고조선의 변천,우거왕이 한 무제가 파견한 군대에 맞서 싸웠다.,X,고조선의 변천
78회,심화,2,3,4.5,고조선의 변천,위만이 진번과 임둔을 복속시키고 세력을 확장하였다.,X,고조선의 변천
78회,심화,3,2,3,삼한/부여,신성 지역인 소도가 있었다.,O,삼한/부여
78회,심화,3,2,3,삼한/부여,혼인 풍습으로 민며느리제가 있었다.,X,옥저
78회,심화,3,2,3,삼한/부여,위화부 영객부 등의 관청이 있었다.,X,신라
78회,심화,3,2,3,삼한/부여,왕 아래 상가 대로 패자 등의 관직이 있었다.,X,고구려
78회,심화,3,2,3,삼한/부여,읍락 간의 경계를 중시하는 책화가 있었다.,X,동예
78회,심화,4,3,4.5,신라 진흥왕,수도를 웅진으로 옮겼다.,X,백제 문주왕
78회,심화,4,3,4.5,신라 진흥왕,백가의 난을 평정하였다.,X,백제 무령왕
78회,심화,4,3,4.5,신라 진흥왕,금마저에 미륵사를 창건하였다.,X,백제 무왕
78회,심화,4,3,4.5,신라 진흥왕,고흥에게 서기를 편찬하게 하였다.,X,백제 근초고왕
78회,심화,4,3,4.5,신라 진흥왕,달기를 보내 고구려의 도살성을 점령하였다.,O,신라 진흥왕
78회,심화,5,2,3,고구려,지방의 22담로에 왕족을 파견하였다.,X,백제 무령왕
78회,심화,5,2,3,고구려,태학과 경당을 두어 인재를 양성하였다.,O,고구려
78회,심화,5,2,3,고구려,10월에 무천이라는 제천 행사를 개최하였다.,X,동예
78회,심화,5,2,3,고구려,사회 질서를 유지하기 위해 범금 8조를 만들었다.,X,고조선
78회,심화,5,2,3,고구려,물시계인 누각을 만들고 누각박사를 두어 시간을 측정하였다.,X,신라
78회,심화,6,2,3,백제 사비기,서옥제라는 혼인 풍습이 있었다.,X,고구려
78회,심화,6,2,3,백제 사비기,수도에 서시와 남시를 설치하였다.,X,통일신라
78회,심화,6,2,3,백제 사비기,골품에 따라 관직 승진을 제한하였다.,X,신라
78회,심화,6,2,3,백제 사비기,6좌평 아래에 달솔 등의 관등이 있었다.,O,백제 사비기
78회,심화,6,2,3,백제 사비기,을파소를 등용하고 진대법을 시행하였다.,X,고구려 고국천왕
78회,심화,7,1,1.5,삼국 통일 과정,진흥왕이 대가야를 병합하였다.,X,신라 진흥왕
78회,심화,7,1,1.5,삼국 통일 과정,이사부가 우산국을 복속시켰다.,X,신라 지증왕
78회,심화,7,1,1.5,삼국 통일 과정,을지문덕이 살수에서 대승을 거두었다.,X,살수대첩
78회,심화,7,1,1.5,삼국 통일 과정,계백이 이끄는 군대가 황산벌에서 항전하였다.,O,삼국 통일 과정
78회,심화,7,1,1.5,삼국 통일 과정,광개토 대왕이 신라에 침입한 왜를 격퇴하였다.,X,광개토대왕
78회,심화,8,2,3,신라 하대,비담과 염종의 난이 진압되었다.,X,신라 선덕여왕
78회,심화,8,2,3,신라 하대,김흠돌이 반란을 꾀하다 처형되었다.,X,신라 신문왕
78회,심화,8,2,3,신라 하대,김헌창이 웅천주에서 반란을 일으켰다.,O,신라 하대
78회,심화,8,2,3,신라 하대,원광이 왕명으로 걸사표를 작성하였다.,X,신라 진평왕
78회,심화,8,2,3,신라 하대,이차돈의 순교를 계기로 불교가 공인되었다.,X,신라 법흥왕
78회,심화,11,2,3,고려 광종,외침에 대비하여 광군사를 창설하였다.,X,고려 정종
78회,심화,11,2,3,고려 광종,12목을 설치하고 지방관을 파견하였다.,X,고려 성종
78회,심화,11,2,3,고려 광종,관학 진흥을 위해 양현고를 설치하였다.,X,고려 예종
78회,심화,11,2,3,고려 광종,노비안검법을 실시하여 호족 세력을 견제하였다.,O,고려 광종
78회,심화,11,2,3,고려 광종,정계와 계백료서를 지어 관리의 규범을 제시하였다.,X,고려 태조
78회,심화,12,1,1.5,고려의 경제,덕대의 전문적인 광산 경영이 이루어졌다.,X,조선 후기 경제
78회,심화,12,1,1.5,고려의 경제,고추 담배 등 상품 작물이 재배되었다.,X,조선 후기 경제
78회,심화,12,1,1.5,고려의 경제,벽란도를 통한 국제 무역이 활발하였다.,O,고려의 경제
78회,심화,12,1,1.5,고려의 경제,덩이쇠 수출을 통해 낙랑과 교역하였다.,X,가야
78회,심화,12,1,1.5,고려의 경제,청해진을 거점으로 해상 무역을 전개하였다.,X,통일신라
78회,심화,13,1,1.5,여진 대응,강화도로 도읍을 옮겨 항전하였다.,X,몽골 침입
78회,심화,13,1,1.5,여진 대응,박위가 적의 근거지를 토벌하였다.,X,고려 우왕
78회,심화,13,1,1.5,여진 대응,양규가 곽주성을 급습하여 탈환하였다.,X,거란 2차 침입
78회,심화,13,1,1.5,여진 대응,송문주가 죽주성에서 적군을 격퇴하였다.,X,몽골 침입
78회,심화,13,1,1.5,여진 대응,동북 9성을 축조하고 경계를 알리는 비석을 건립하였다.,O,여진 대응
78회,심화,15,2,3,고려의 사회,주자감에서 공부하는 학생이 있었다.,X,발해
78회,심화,15,2,3,고려의 사회,구황촬요를 읽고 있는 지방관이 있었다.,X,조선 명종
78회,심화,15,2,3,고려의 사회,시장을 감독하는 동시전의 관리가 있었다.,X,신라 지증왕
78회,심화,15,2,3,고려의 사회,제위보에서 곡식을 지급받는 농민이 있었다.,O,고려의 사회
78회,심화,15,2,3,고려의 사회,세책가에서 춘향전을 빌리는 부녀자가 있었다.,X,조선 후기 사회
78회,심화,16,2,3,고려 공민왕,배중손이 진도 용장성에서 항전하였다.,X,삼별초 항쟁
78회,심화,16,2,3,고려 공민왕,최영이 홍산 전투에서 큰 승리를 거두었다.,X,고려 우왕
78회,심화,16,2,3,고려 공민왕,유인우 이자춘 등이 쌍성총관부를 수복하였다.,O,고려 공민왕
78회,심화,16,2,3,고려 공민왕,김방경이 이끄는 군대가 일본 원정에 참여하였다.,X,고려 충렬왕
78회,심화,16,2,3,고려 공민왕,만적이 개경에서 노비를 모아 반란을 모의하였다.,X,만적의 난
78회,심화,17,2,3,고려 의천,불교 설화를 중심으로 삼국유사를 지었다.,X,일연
78회,심화,17,2,3,고려 의천,백화 신앙을 바탕으로 백련 결사를 이끌었다.,X,요세
78회,심화,17,2,3,고려 의천,선문염송집을 편찬하고 유불 일치설을 주장하였다.,X,혜심
78회,심화,17,2,3,고려 의천,보현십원가를 지어 불교 교리를 대중에게 전파하였다.,X,균여
78회,심화,17,2,3,고려 의천,이론과 수행을 함께 강조하는 교관겸수를 제시하였다.,O,고려 의천
78회,심화,18,2,3,이자겸/묘청,시무 28조를 국왕에게 올렸다.,X,최승로
78회,심화,18,2,3,이자겸/묘청,화통도감의 설치를 건의하였다.,X,최무선
78회,심화,18,2,3,이자겸/묘청,정변을 일으켜 목종을 폐위하였다.,X,강조
78회,심화,18,2,3,이자겸/묘청,칭제 건원과 금국 정벌을 주장하였다.,O,이자겸/묘청
78회,심화,18,2,3,이자겸/묘청,교정도감이 되어 국정을 장악하였다.,X,최충헌
78회,심화,19,3,4.5,조선 세조,이징옥이 함길도에서 반란을 일으켰다.,O,조선 세조
78회,심화,19,3,4.5,조선 세조,이괄이 난을 일으켜 한양을 점령하였다.,X,조선 인조
78회,심화,19,3,4.5,조선 세조,허적과 윤휴 등 남인이 대거 축출되었다.,X,경신환국
78회,심화,19,3,4.5,조선 세조,위훈 삭제를 주장한 조광조 일파가 제거되었다.,X,기묘사화
78회,심화,19,3,4.5,조선 세조,정여립 모반 사건을 계기로 기축옥사가 발생하였다.,X,기축옥사
78회,심화,20,3,4.5,조선 의금부,수도의 행정과 치안을 담당하였다.,X,한성부
78회,심화,20,3,4.5,조선 의금부,천문 지리 기후 등에 관한 사무를 맡았다.,X,관상감
78회,심화,20,3,4.5,조선 의금부,제학 직제학 등의 관직 외에 검서관이 있었다.,X,규장각
78회,심화,20,3,4.5,조선 의금부,왕에게 경서 등을 강론하는 경연을 주관하였다.,X,홍문관
78회,심화,20,3,4.5,조선 의금부,국왕 직속 사법 기구로 반역죄 강상죄 등을 다루었다.,O,조선 의금부
78회,심화,21,3,4.5,조선 신숙주,훈민정음 해례본 편찬에 참여하였다.,O,조선 신숙주
78회,심화,21,3,4.5,조선 신숙주,최초의 서원인 백운동 서원을 건립하였다.,X,주세붕
78회,심화,21,3,4.5,조선 신숙주,기축봉사를 올려 명에 대한 의리를 내세웠다.,X,송시열
78회,심화,21,3,4.5,조선 신숙주,해주 향약을 시행하여 향촌 교화를 위해 노력하였다.,X,이이
78회,심화,21,3,4.5,조선 신숙주,가례집람을 지어 예학을 조선의 현실에 맞게 정리하였다.,X,김장생
78회,심화,22,2,3,임진왜란,정봉수가 용골산성에서 항쟁하였다.,X,정묘호란
78회,심화,22,2,3,임진왜란,김준룡이 광교산 전투에서 승리하였다.,X,병자호란
78회,심화,22,2,3,임진왜란,김종서가 두만강 일대에 6진을 개척하였다.,X,4군 6진
78회,심화,22,2,3,임진왜란,권율이 행주산성에서 적군을 크게 물리쳤다.,O,임진왜란
78회,심화,22,2,3,임진왜란,이종무가 적의 근거지인 대마도를 정벌하였다.,X,조선 세종
78회,심화,24,1,1.5,조선 정조,연잉군을 왕세제로 책봉하였다.,X,조선 경종
78회,심화,24,1,1.5,조선 정조,청과 국경을 정하는 백두산정계비를 세웠다.,X,조선 숙종
78회,심화,24,1,1.5,조선 정조,삼수병으로 구성된 훈련도감을 창설하였다.,X,조선 선조
78회,심화,24,1,1.5,조선 정조,탕평 교서를 반포하고 탕평비를 건립하였다.,X,조선 영조
78회,심화,24,1,1.5,조선 정조,문신을 재교육하기 위한 초계문신제를 시행하였다.,O,조선 정조
78회,심화,25,2,3,조선 후기 경제,활구라고 불리는 은병이 주조되었다.,O(부적절),고려의 경제
78회,심화,25,2,3,조선 후기 경제,관청에 물품을 조달하는 공인이 활동하였다.,X,조선 후기 경제
78회,심화,25,2,3,조선 후기 경제,송상 만상이 대청 무역으로 부를 축적하였다.,X,조선 후기 경제
78회,심화,25,2,3,조선 후기 경제,보부상이 장시를 돌아다니며 상품을 판매하였다.,X,조선 후기 경제
78회,심화,25,2,3,조선 후기 경제,설점수세제의 시행으로 민간의 광산 개발이 허용되었다.,X,조선 후기 경제
78회,심화,27,2,3,조선 후기 사회,최충이 9재 학당을 설립하였다.,X,최충
78회,심화,27,2,3,조선 후기 사회,서얼이 통청 운동을 전개하였다.,O,조선 후기 사회
78회,심화,27,2,3,조선 후기 사회,변발과 호복이 지배층을 중심으로 유행하였다.,X,고려 후기
78회,심화,27,2,3,조선 후기 사회,망이 망소이의 난 등 하층민의 봉기가 발생하였다.,X,망이·망소이의 난
78회,심화,27,2,3,조선 후기 사회,질병에 대한 처방 등을 소개한 향약구급방이 편찬되었다.,X,고려 의학
78회,심화,28,2,3,강화도 조약,천주교 포교 허용의 근거가 되었다.,X,조프 수호 통상 조약
78회,심화,28,2,3,강화도 조약,일본 측의 해안 측량권을 인정하였다.,O,강화도 조약
78회,심화,28,2,3,강화도 조약,최혜국 대우를 규정한 조항을 담고 있다.,X,조미수호통상조약
78회,심화,28,2,3,강화도 조약,일본 공사관의 경비병 주둔을 명시하였다.,X,제물포 조약
78회,심화,28,2,3,강화도 조약,외국 상인의 내지 통상권을 최초로 규정하였다.,X,조청상민수륙무역장정
78회,심화,29,2,3,갑신정변,한성 조약이 체결되는 계기가 되었다.,O,갑신정변
78회,심화,29,2,3,갑신정변,외규장각 도서가 약탈되는 결과를 가져왔다.,X,병인양요
78회,심화,29,2,3,갑신정변,제너럴 셔먼호 사건이 발단이 되어 일어났다.,X,신미양요
78회,심화,29,2,3,갑신정변,전개 과정에서 흥선 대원군이 청에 납치되었다.,X,임오군란
78회,심화,29,2,3,갑신정변,홍범 14조를 개혁의 기본 방향으로 제시하였다.,X,갑오개혁
78회,심화,30,3,4.5,근대 교육 기관,신민회가 민족 교육을 실시하였다.,X,신민회
78회,심화,30,3,4.5,근대 교육 기관,관민이 합심하여 원산학사를 세웠다.,O,근대 교육 기관
78회,심화,30,3,4.5,근대 교육 기관,교육 입국 조서 반포를 계기로 설립되었다.,X,갑오개혁
78회,심화,30,3,4.5,근대 교육 기관,최초의 여성 교육 기관으로 건립되었다.,X,이화학당
78회,심화,30,3,4.5,근대 교육 기관,통역관 양성을 위해 설치되었다.,X,동문학
78회,심화,31,2,3,화폐 정리 사업,삼국 간섭이 발생한 원인을 분석한다.,X,삼국 간섭
78회,심화,31,2,3,화폐 정리 사업,삼정이정청이 설치된 목적을 살펴본다.,X,임술농민봉기
78회,심화,31,2,3,화폐 정리 사업,황국 중앙 총상회가 설립된 배경을 파악한다.,X,독립협회
78회,심화,31,2,3,화폐 정리 사업,재정 고문 메가타가 주도한 정책을 찾아본다.,O,화폐 정리 사업
78회,심화,31,2,3,화폐 정리 사업,조미 수호 통상 조약이 체결되는 과정을 조사한다.,X,조미수호통상조약
78회,심화,32,2,3,동학 농민 운동,농민군이 황토현에서 관군에 승리하였다.,X,동학 농민 운동
78회,심화,32,2,3,동학 농민 운동,개혁을 추진하기 위해 교정청이 설치되었다.,X,갑오개혁
78회,심화,32,2,3,동학 농민 운동,남접과 북접의 농민군이 논산에 집결하였다.,O,동학 농민 운동
78회,심화,32,2,3,동학 농민 운동,교조 신원을 요구하는 삼례 집회가 개최되었다.,X,동학 농민 운동
78회,심화,32,2,3,동학 농민 운동,조병갑의 폭정에 항거하여 군민들이 관아를 습격하였다.,X,동학 농민 운동
78회,심화,33,2,3,정미의병 배경,미쓰야 협정이 체결되었다.,X,미쓰야 협정
78회,심화,33,2,3,정미의병 배경,대한 제국의 군대가 해산되었다.,O,정미의병 배경
78회,심화,33,2,3,정미의병 배경,영국이 거문도를 불법으로 점령하였다.,X,거문도 사건
78회,심화,33,2,3,정미의병 배경,데라우치가 초대 총독으로 부임하였다.,X,경술국치
78회,심화,33,2,3,정미의병 배경,기유각서가 체결되어 사법권을 박탈당하였다.,X,기유각서
78회,심화,34,1,1.5,대한매일신보,브나로드 운동을 주도하였다.,X,동아일보
78회,심화,34,1,1.5,대한매일신보,천도교의 기관지로 발행되었다.,X,만세보
78회,심화,34,1,1.5,대한매일신보,상업 광고를 처음으로 게재하였다.,X,한성주보
78회,심화,34,1,1.5,대한매일신보,국채 보상 운동의 확산에 기여하였다.,O,대한매일신보
78회,심화,34,1,1.5,대한매일신보,순한글로 발행된 최초의 신문이었다.,X,독립신문
78회,심화,35,3,4.5,안창호 활동,대한 광복회를 조직하여 친일파를 처단하였다.,X,대한광복회
78회,심화,35,3,4.5,안창호 활동,일본의 침략 과정을 담은 한국통사를 저술하였다.,X,박은식
78회,심화,35,3,4.5,안창호 활동,대한민국 임시 정부에서 내무총장으로 활동하였다.,O,안창호 활동
78회,심화,35,3,4.5,안창호 활동,의열단의 활동 지침인 조선 혁명 선언을 작성하였다.,X,신채호
78회,심화,35,3,4.5,안창호 활동,헤이그에서 열린 만국 평화 회의에 특사로 파견되었다.,X,헤이그 특사
78회,심화,36,1,1.5,1910년대 통치,헌병 경찰제가 실시되었다.,O,1910년대 통치
78회,심화,36,1,1.5,1910년대 통치,치안 유지법이 제정되었다.,X,치안유지법
78회,심화,36,1,1.5,1910년대 통치,친위대와 진위대가 설치되었다.,X,대한제국
78회,심화,36,1,1.5,1910년대 통치,조선 여성 동우회가 창립되었다.,X,1920년대 사회운동
78회,심화,36,1,1.5,1910년대 통치,조선 사상범 예방 구금령이 시행되었다.,X,민족말살통치기
78회,심화,37,3,4.5,농민 운동,지계아문이 설치되어 지계가 발급되었다.,X,광무개혁
78회,심화,37,3,4.5,농민 운동,회사 설립을 허가제로 하는 회사령이 제정되었다.,X,회사령
78회,심화,37,3,4.5,농민 운동,전국 단위 조직인 조선 농민 총연맹이 결성되었다.,O,농민 운동
78회,심화,37,3,4.5,농민 운동,일본의 토지 침탈에 맞서 농광 회사가 설립되었다.,X,농광 회사
78회,심화,37,3,4.5,농민 운동,경복궁에서 최초로 조선 물산 공진회가 개최되었다.,X,조선 물산 공진회
78회,심화,38,2,3,6·10 만세 운동,김광제 등의 발의로 본격화되었다.,X,국채 보상 운동
78회,심화,38,2,3,6·10 만세 운동,보국안민 제폭구민을 기치로 내걸었다.,X,동학 농민 운동
78회,심화,38,2,3,6·10 만세 운동,전개 과정에서 일제가 제암리 학살 등을 자행하였다.,X,3·1 운동
78회,심화,38,2,3,6·10 만세 운동,민족 협동 전선 단체인 신간회 결성에 영향을 끼쳤다.,O,6·10 만세 운동
78회,심화,38,2,3,6·10 만세 운동,한국인 학생과 일본인 학생 간의 충돌에서 비롯되었다.,X,광주학생항일운동
78회,심화,39,2,3,형평 운동,보안회의 활동 내용을 분석한다.,X,보안회
78회,심화,39,2,3,형평 운동,조선 형평사의 창립 목적을 파악한다.,O,형평 운동
78회,심화,39,2,3,형평 운동,군국기무처가 설치된 계기를 찾아본다.,X,갑오개혁
78회,심화,39,2,3,형평 운동,전주 화약이 체결되는 과정을 알아본다.,X,동학 농민 운동
78회,심화,39,2,3,형평 운동,대한 자강회가 해산된 배경을 조사한다.,X,대한자강회
78회,심화,40,2,3,민족말살통치기,원산 총파업에 참여하는 노동자,X,원산 총파업
78회,심화,40,2,3,민족말살통치기,105인 사건으로 검거되는 애국지사,X,105인 사건
78회,심화,40,2,3,민족말살통치기,근우회 창립 총회에서 취재하는 기자,X,근우회
78회,심화,40,2,3,민족말살통치기,황국 신민 서사 암송을 강요받는 학생,O,민족말살통치기
78회,심화,40,2,3,민족말살통치기,태화관에서 독립 선언식을 거행하는 민족 대표,X,3·1 운동
78회,심화,41,2,3,조선어 연구회,학술지인 진단 학보를 발행하였다.,X,진단학회
78회,심화,41,2,3,조선어 연구회,가갸날을 제정하고 기념식을 진행하였다.,O,조선어 연구회
78회,심화,41,2,3,조선어 연구회,태극 서관을 설립하여 서적을 보급하였다.,X,신민회
78회,심화,41,2,3,조선어 연구회,주시경 지석영 등이 중심이 되어 활동하였다.,X,국문연구소
78회,심화,41,2,3,조선어 연구회,영은문이 있던 자리 부근에 독립문을 건립하였다.,X,독립협회
78회,심화,42,2,3,조선의용대,대원 일부가 한국광복군에 합류하였다.,O,조선의용대
78회,심화,42,2,3,조선의용대,청산리 사건에서 일본군에 맞서 승리를 거두었다.,X,청산리 전투
78회,심화,42,2,3,조선의용대,동북 항일 연군으로 개편되어 유격전을 펼쳤다.,X,동북 항일 연군
78회,심화,42,2,3,조선의용대,대전자령 전투에서 한중 연합 작전을 전개하였다.,X,한국독립군
78회,심화,42,2,3,조선의용대,조선 혁명당의 군사 조직으로 남만주에서 활약하였다.,X,조선혁명군
78회,심화,43,2,3,근대 사회상,텔레비전 방송이 시작되었다.,O(부적절),현대 사회상
78회,심화,43,2,3,근대 사회상,화학조미료를 활용한 요리법이 확산되었다.,X,현대 사회상
78회,심화,43,2,3,근대 사회상,새로운 주택 양식인 문화 주택이 등장하였다.,X,근대 사회상
78회,심화,43,2,3,근대 사회상,영화 임자 없는 나룻배가 상영되었다.,X,근대 사회상
78회,심화,43,2,3,근대 사회상,모던 걸 모던 보이가 늘어났다.,X,근대 사회상
78회,심화,44,2,3,5·10 총선거,6·3 시위 이후에 실시되었다.,X,6·3 시위
78회,심화,44,2,3,5·10 총선거,발췌 개헌에 따라 이루어졌다.,X,발췌 개헌
78회,심화,44,2,3,5·10 총선거,신한 민주당이 제1 야당이 되었다.,X,1985년 총선
78회,심화,44,2,3,5·10 총선거,통일 주체 국민 회의 대의원이 투표하였다.,X,유신헌법
78회,심화,44,2,3,5·10 총선거,김구 김규식 등이 단독 정부 수립에 반대하며 불참하였다.,O,5·10 총선거
78회,심화,45,1,1.5,6·25 전쟁,애치슨 라인이 발표되었다.,X,애치슨 라인
78회,심화,45,1,1.5,6·25 전쟁,한미 상호 방위 조약이 체결되었다.,X,한미 상호 방위 조약
78회,심화,45,1,1.5,6·25 전쟁,여수 순천 10·10 사건이 발생하였다.,X,여수 순천 사건
78회,심화,45,1,1.5,6·25 전쟁,모스크바 3국 외상 회의가 개최되었다.,X,모스크바 3국 외상회의
78회,심화,45,1,1.5,6·25 전쟁,흥남에서 대규모 철수 작전이 전개되었다.,O,6·25 전쟁
78회,심화,46,2,3,4·19 혁명,긴급 조치 철폐를 요구하였다.,X,유신 체제
78회,심화,46,2,3,4·19 혁명,장면 내각이 출범하는 계기가 되었다.,O,4·19 혁명
78회,심화,46,2,3,4·19 혁명,신군부의 계엄 확대에 반발하여 일어났다.,X,5·18 광주민주화운동
78회,심화,46,2,3,4·19 혁명,야당 총재의 국회의원직 제명에 반대하였다.,X,부마민주항쟁
78회,심화,46,2,3,4·19 혁명,5년 단임의 대통령 직선제 개헌을 이끌어 냈다.,X,6월 민주항쟁
78회,심화,47,1,1.5,박정희 정부 경제,포항 제철소 1기 설비가 착공되었다.,X,박정희 정부 경제
78회,심화,47,1,1.5,박정희 정부 경제,국민 기초 생활 보장법이 제정되었다.,O(부적절),김대중 정부 경제
78회,심화,47,1,1.5,박정희 정부 경제,마산이 수출 자유 지역으로 지정되었다.,X,박정희 정부 경제
78회,심화,47,1,1.5,박정희 정부 경제,베트남 전쟁 파병에 따른 특수를 누렸다.,X,박정희 정부 경제
78회,심화,47,1,1.5,박정희 정부 경제,제2차 경제 개발 5개년 계획이 추진되었다.,X,박정희 정부 경제
78회,심화,48,3,4.5,제5공화국 헌법,사사오입의 논리로 통과되었다.,X,사사오입 개헌
78회,심화,48,3,4.5,제5공화국 헌법,대통령의 3선 연임을 허용하였다.,X,3선 개헌
78회,심화,48,3,4.5,제5공화국 헌법,3·1 민주 구국 선언에 영향을 주었다.,X,유신 체제
78회,심화,48,3,4.5,제5공화국 헌법,민의원과 참의원의 양원제를 명시하였다.,X,제2공화국 헌법
78회,심화,48,3,4.5,제5공화국 헌법,대통령 선거인단에 의한 간선제를 규정하였다.,O,제5공화국 헌법
78회,심화,49,2,3,문재인 정부 통일,7·4 남북 공동 성명을 발표하였다.,X,박정희 정부 통일
78회,심화,49,2,3,문재인 정부 통일,평양에서 남북 정상 회담을 개최하였다.,O,문재인 정부 통일
78회,심화,49,2,3,문재인 정부 통일,남북한이 UN에 동시 가입하였다.,X,노태우 정부 통일
78회,심화,49,2,3,문재인 정부 통일,남북 이산가족 고향 방문을 최초 성사시켰다.,X,전두환 정부 통일
78회,심화,49,2,3,문재인 정부 통일,평창 동계 올림픽에서 남북 단일팀을 구성하였다.,X,문재인 정부 통일
78회,심화,50,2,3,부산 지역 역사,신립이 배수의 진을 치고 왜군과 싸웠다.,X,탄금대 전투
78회,심화,50,2,3,부산 지역 역사,학생들이 2·28 민주 운동을 주도하였다.,X,2·28 민주 운동
78회,심화,50,2,3,부산 지역 역사,김사미가 가혹한 수탈에 맞서 봉기하였다.,X,김사미·효심의 난
78회,심화,50,2,3,부산 지역 역사,YH 무역 노동자들이 농성을 벌였다.,X,YH 무역 사건
78회,심화,50,2,3,부산 지역 역사,박재혁이 경찰서에서 폭탄을 터뜨리는 의거를 일으켰다.,O,부산 지역 역사
77회,기본,1,1,1.5,신석기 시대,철제 무기를 사용하였다.,X,철기 시대
77회,기본,1,1,1.5,신석기 시대,우경이 널리 보급되었다.,X,신라 지증왕
77회,기본,1,1,1.5,신석기 시대,가락바퀴를 이용하여 실을 뽑았다.,O,신석기 시대
77회,기본,1,1,1.5,신석기 시대,주먹도끼 등의 뗀석기를 처음 제작하였다.,X,구석기 시대
77회,기본,3,2,3,광개토대왕,태학을 설립하였다.,X,고구려 소수림왕
77회,기본,3,2,3,광개토대왕,평양으로 도읍을 옮겼다.,X,고구려 장수왕
77회,기본,3,2,3,광개토대왕,불교를 처음으로 공인하였다.,X,고구려 소수림왕
77회,기본,3,2,3,광개토대왕,영락이라는 연호를 사용하였다.,O,광개토대왕
77회,기본,4,2,3,백제 성왕,22담로를 설치하다,X,백제 무령왕
77회,기본,4,2,3,백제 성왕,독서삼품과를 시행하다,X,통일신라 원성왕
77회,기본,4,2,3,백제 성왕,국호를 남부여로 바꾸다,O,백제 성왕
77회,기본,4,2,3,백제 성왕,고국원왕을 전사시키다,X,백제 근초고왕
77회,기본,5,2,3,신라,금동 연가 7년명 여래 입상,X,고구려
77회,기본,5,2,3,신라,무령왕 금제 관식,X,백제 무령왕
77회,기본,5,2,3,신라,천마총 금관,O,신라
77회,기본,5,2,3,신라,금동 대향로,X,백제
77회,기본,6,1,1.5,발해,기인 제도를 실시하였다.,X,고려 태조
77회,기본,6,1,1.5,발해,전성기에 해동성국이라 불렸다.,O,발해
77회,기본,6,1,1.5,발해,중앙군으로 9서당을 설치하였다.,X,신라 신문왕
77회,기본,6,1,1.5,발해,제가 회의에서 국가 중대사를 결정하였다.,X,고구려
77회,기본,7,3,4.5,삼국 통일 과정,대가야가 신라에 정복되었다.,X,신라 진흥왕
77회,기본,7,3,4.5,삼국 통일 과정,당이 안동도호부를 설치하였다.,X,당의 안동도호부 설치
77회,기본,7,3,4.5,삼국 통일 과정,신라가 기벌포에서 당군을 격파하였다.,X,매소성·기벌포 전투
77회,기본,7,3,4.5,삼국 통일 과정,고구려가 안시성 전투에서 당군을 물리쳤다.,O,삼국 통일 과정
77회,기본,8,2,3,통일신라,울산항에 아라비아 상인이 왕래했어요.,O,통일신라
77회,기본,8,2,3,통일신라,광산을 전문적으로 경영하는 덕대가 출현했어요.,X,조선 후기 경제
77회,기본,8,2,3,통일신라,과전법이 실시됐어요.,X,과전법
77회,기본,8,2,3,통일신라,솔빈부의 말을 특산물로 수출했어요.,X,발해
77회,기본,9,2,3,의상,의상,O,의상
77회,기본,9,2,3,의상,원효,X,원효
77회,기본,9,2,3,의상,원광,X,원광
77회,기본,9,2,3,의상,유정,X,유정
77회,기본,10,3,4.5,궁예,훈요 10조를 남김,X,고려 태조
77회,기본,10,3,4.5,궁예,국호를 태봉으로 바꿈,O,궁예
77회,기본,10,3,4.5,궁예,공산 전투에서 승리함,X,후백제 견훤
77회,기본,10,3,4.5,궁예,경주의 사심관으로 임명됨,X,신라 경순왕
77회,기본,11,1,1.5,고려 광종,녹읍을 폐지하였다.,X,신라 신문왕
77회,기본,11,1,1.5,고려 광종,과거제를 시행하였다.,O,고려 광종
77회,기본,11,1,1.5,고려 광종,교정도감을 설치하였다.,X,최충헌
77회,기본,11,1,1.5,고려 광종,쌍성총관부를 공격하였다.,X,고려 공민왕
77회,기본,12,2,3,거란 1차 침입,김흠돌이 반란을 도모하였다.,X,신라 신문왕
77회,기본,12,2,3,거란 1차 침입,장문휴가 등주를 공격하였다.,X,발해 무왕
77회,기본,12,2,3,거란 1차 침입,계백이 황산벌에서 항전하였다.,X,황산벌 전투
77회,기본,12,2,3,거란 1차 침입,강감찬이 귀주에서 대승을 거두었다.,O,거란 1차 침입
77회,기본,13,1,1.5,상평창,상평창,O,상평창
77회,기본,13,1,1.5,상평창,어사대,X,어사대
77회,기본,13,1,1.5,상평창,의금부,X,조선 의금부
77회,기본,13,1,1.5,상평창,식목도감,X,식목도감
77회,기본,15,2,3,고려 화폐,건원중보,O,고려 화폐
77회,기본,15,2,3,고려 화폐,상평통보,X,조선 후기 경제
77회,기본,15,2,3,고려 화폐,반량전,X,중국 화폐
77회,기본,15,2,3,고려 화폐,명도전,X,철기 시대
77회,기본,16,3,4.5,직지심체요절,청주 흥덕사에서 간행하였다.,O,직지심체요절
77회,기본,16,3,4.5,직지심체요절,김부식 등이 왕명을 받아 편찬하였다.,X,삼국사기
77회,기본,16,3,4.5,직지심체요절,몽골의 침입을 물리치고자 제작하였다.,X,팔만대장경
77회,기본,16,3,4.5,직지심체요절,단군의 고조선 건국 이야기가 수록되어 있다.,X,삼국유사
77회,기본,17,2,3,지눌,천태종을 창시하였다.,X,고려 의천
77회,기본,17,2,3,지눌,삼국유사를 저술하였다.,X,일연
77회,기본,17,2,3,지눌,왕오천축국전을 지었다.,X,혜초
77회,기본,17,2,3,지눌,수선사 결사를 제창하였다.,O,지눌
77회,기본,18,3,4.5,고려,경당을 설치하였다.,X,고구려
77회,기본,18,3,4.5,고려,골품제를 실시하였다.,X,신라
77회,기본,18,3,4.5,고려,연등회 팔관회를 개최하였다.,O,고려
77회,기본,18,3,4.5,고려,정사암에서 재상을 선출하였다.,X,백제
77회,기본,19,2,3,정도전,정도전,O,정도전
77회,기본,19,2,3,정도전,조광조,X,조광조
77회,기본,19,2,3,정도전,박제가,X,박제가
77회,기본,19,2,3,정도전,채제공,X,채제공
77회,기본,20,2,3,조선 세종,집현전이 설치되었다.,O,조선 세종
77회,기본,20,2,3,조선 세종,직전법이 실시되었다.,X,조선 세조
77회,기본,20,2,3,조선 세종,경국대전이 완성되었다.,X,조선 성종
77회,기본,20,2,3,조선 세종,백두산정계비가 건립되었다.,X,조선 숙종
77회,기본,21,1,1.5,성균관,종묘,X,종묘
77회,기본,21,1,1.5,성균관,성균관,O,성균관
77회,기본,21,1,1.5,성균관,사직단,X,사직단
77회,기본,21,1,1.5,성균관,소수 서원,X,소수 서원
77회,기본,22,2,3,승정원,승정원,O,승정원
77회,기본,22,2,3,승정원,춘추관,X,춘추관
77회,기본,22,2,3,승정원,의정부,X,의정부
77회,기본,22,2,3,승정원,한성부,X,한성부
77회,기본,23,2,3,대동법,군포를 2필에서 1필로 줄였다.,X,균역법
77회,기본,23,2,3,대동법,공인이 등장하는 배경이 되었다.,O,대동법
77회,기본,23,2,3,대동법,전세를 1결당 4~6두로 고정하였다.,X,영정법
77회,기본,23,2,3,대동법,토지 소유자에게 지계를 발급하였다.,X,광무개혁
77회,기본,24,2,3,임진왜란,박위가 쓰시마섬을 정벌하였다.,X,고려 우왕
77회,기본,24,2,3,임진왜란,인조가 남한산성으로 피란하였다.,X,병자호란
77회,기본,24,2,3,임진왜란,곽재우가 의령에서 의병을 일으켰다.,O,임진왜란
77회,기본,24,2,3,임진왜란,김윤후가 처인성 전투에서 승리하였다.,X,몽골 침입
77회,기본,25,1,1.5,조선 정조,탕평비를 건립하였다.,X,조선 영조
77회,기본,25,1,1.5,조선 정조,홍문관을 설치하였다.,X,조선 성종
77회,기본,25,1,1.5,조선 정조,대전회통을 편찬하였다.,X,흥선대원군
77회,기본,25,1,1.5,조선 정조,초계문신제를 실시하였다.,O,조선 정조
77회,기본,26,2,3,조선 후기,탈춤 공연을 벌이는 광대,O,조선 후기
77회,기본,26,2,3,조선 후기,초조대장경을 조판하는 장인,X,초조대장경
77회,기본,26,2,3,조선 후기,한글 소설을 읽어주는 전기수,O,조선 후기
77회,기본,26,2,3,조선 후기,판소리 춘향가를 부르는 소리꾼,O,조선 후기
77회,기본,27,3,4.5,조선 후기 경제,전시과는 어떻게 변화하였을까?,X,전시과
77회,기본,27,3,4.5,조선 후기 경제,동시전은 어떤 역할을 담당하였을까?,X,신라 지증왕
77회,기본,27,3,4.5,조선 후기 경제,벽란도는 국제 무역항으로 어떻게 성장하였을까?,X,고려의 경제
77회,기본,27,3,4.5,조선 후기 경제,담배 인삼 등의 상품 작물 재배가 미친 영향은 무엇일까?,O,조선 후기 경제
77회,기본,28,2,3,흥선대원군,주자감에서 공부하는 학생,X,발해
77회,기본,28,2,3,흥선대원군,삼별초에 소속되어 훈련받는 군인,X,삼별초 항쟁
77회,기본,28,2,3,흥선대원군,암태도 소작 쟁의에 참여하는 농민,X,암태도 소작쟁의
77회,기본,28,2,3,흥선대원군,척화비를 세우기 위해 돌을 다듬는 석공,O,흥선대원군
77회,기본,29,3,4.5,항일 의병,억울하게 시해당한 국모의 원수를 갚자.,O,을미의병
77회,기본,29,3,4.5,항일 의병,을사오적은 만대의 역적이니 마땅히 제거해야 한다!,O,을사의병
77회,기본,29,3,4.5,항일 의병,우리 13도 창의군은 서울까지 진격한다!,O,정미의병
77회,기본,30,2,3,갑오개혁,비변사를 혁파하였다.,X,흥선대원군
77회,기본,30,2,3,갑오개혁,공사 노비법을 폐지하였다.,O,갑오개혁
77회,기본,30,2,3,갑오개혁,대한국 국제를 반포하였다.,X,광무개혁
77회,기본,30,2,3,갑오개혁,5군영을 2영으로 통합하였다.,X,흥선대원군
77회,기본,31,3,4.5,대한제국 시기,경인선 기차 타고 인천 개항장 가기,O,대한제국 시기
77회,기본,31,3,4.5,대한제국 시기,조선어 학회의 한글 강습회 참여하기,X,조선어학회
77회,기본,31,3,4.5,대한제국 시기,경성 방송국에서 송출하는 라디오 방송 듣기,X,경성방송국
77회,기본,31,3,4.5,대한제국 시기,나운규 감독의 영화 아리랑 상영 극장 방문하기,X,영화 아리랑
77회,기본,32,2,3,국채 보상 운동,브나로드 운동,X,브나로드 운동
77회,기본,32,2,3,국채 보상 운동,국채 보상 운동,O,국채 보상 운동
77회,기본,32,2,3,국채 보상 운동,6·10 만세 운동,X,6·10 만세 운동
77회,기본,32,2,3,국채 보상 운동,민립 대학 설립 운동,X,민립 대학 설립 운동
77회,기본,33,1,1.5,독립문,광화문,X,광화문
77회,기본,33,1,1.5,독립문,독립문,O,독립문
77회,기본,33,1,1.5,독립문,대한문,X,대한문
77회,기본,33,1,1.5,독립문,숭례문,X,숭례문
77회,기본,34,3,4.5,흥사단,보안회,X,보안회
77회,기본,34,3,4.5,흥사단,흥사단,O,흥사단
77회,기본,34,3,4.5,흥사단,대한 광복회,X,대한광복회
77회,기본,34,3,4.5,흥사단,독립 의군부,X,독립의군부
77회,기본,35,1,1.5,안중근,안중근,O,안중근
77회,기본,35,1,1.5,안중근,윤봉길,X,윤봉길
77회,기본,35,1,1.5,안중근,이회영,X,이회영
77회,기본,35,1,1.5,안중근,최재형,X,최재형
77회,기본,36,2,3,3·1 운동,통감부의 탄압으로 실패하였다.,X,신민회
77회,기본,36,2,3,3·1 운동,순종의 인산일을 계기로 일어났다.,X,6·10 만세 운동
77회,기본,36,2,3,3·1 운동,제암리 학살 등 일제의 가혹한 탄압을 받았다.,O,3·1 운동
77회,기본,36,2,3,3·1 운동,신간회에서 진상 조사단을 파견하여 지원하였다.,X,광주학생항일운동
77회,기본,37,2,3,형평 운동,강화도 조약의 내용을 살펴본다.,X,강화도 조약
77회,기본,37,2,3,형평 운동,기기창이 설치된 시기를 검색한다.,X,기기창
77회,기본,37,2,3,형평 운동,조선 형평사의 창립 배경을 알아본다.,O,형평 운동
77회,기본,37,2,3,형평 운동,홍경래의 난이 전개된 과정을 조사한다.,X,홍경래의 난
77회,기본,38,2,3,일제강점기 사회상,소비 문화의 공간인 백화점이 등장했어요.,O,일제강점기 사회상
77회,기본,38,2,3,일제강점기 사회상,여성들은 작업복으로 몸뻬를 입도록 강요받았어요.,O,일제강점기 사회상
77회,기본,38,2,3,일제강점기 사회상,사교 문화의 공간인 끽다점이 생겼어요.,O,일제강점기 사회상
77회,기본,38,2,3,일제강점기 사회상,새마을 운동이 진행되면서 초가지붕이 슬레이트 지붕 등으로 바뀌었어요.,X,새마을 운동
77회,기본,39,2,3,민족말살통치기,별기군에서 훈련하는 군인,X,별기군
77회,기본,39,2,3,민족말살통치기,태형을 집행하는 헌병 경찰,X,1910년대 통치
77회,기본,39,2,3,민족말살통치기,육영 공원에서 영어를 가르치는 외국인 교사,X,육영공원
77회,기본,39,2,3,민족말살통치기,여자 정신 근로령을 관보에 게재하는 조선 총독부 관리,O,민족말살통치기
77회,기본,40,2,3,윤동주,이상화,X,이상화
77회,기본,40,2,3,윤동주,이육사,X,이육사
77회,기본,40,2,3,윤동주,윤동주,O,윤동주
77회,기본,40,2,3,윤동주,한용운,X,한용운
77회,기본,41,3,4.5,한인 애국단,(가) - 한인 애국단,O,한인 애국단
77회,기본,41,3,4.5,한인 애국단,(나) - 중광단,X,중광단
77회,기본,41,3,4.5,한인 애국단,(다) - 황국 중앙 총상회,X,황국 중앙 총상회
77회,기본,41,3,4.5,한인 애국단,(라) - 전환국,X,전환국
77회,기본,42,2,3,대한민국 임시정부,만민 공동회를 개최하였다.,X,독립협회
77회,기본,42,2,3,대한민국 임시정부,한국 광복군을 창설하였다.,O,대한민국 임시정부
77회,기본,42,2,3,대한민국 임시정부,105인 사건으로 와해되었다.,X,신민회
77회,기본,42,2,3,대한민국 임시정부,고종의 밀지를 받아 조직되었다.,X,독립의군부
77회,기본,44,2,3,6·25 전쟁,닉슨 독트린이 발표되었다.,X,닉슨 독트린
77회,기본,44,2,3,6·25 전쟁,브라운 각서가 체결되었다.,X,브라운 각서
77회,기본,44,2,3,6·25 전쟁,인천 상륙 작전이 전개되었다.,O,6·25 전쟁
77회,기본,44,2,3,6·25 전쟁,조선 건국 동맹이 결성되었다.,X,조선 건국 동맹
77회,기본,45,2,3,5·10 총선거,비례 대표제가 적용되었다.,X,비례 대표제
77회,기본,45,2,3,5·10 총선거,우리나라 최초의 보통 선거였다.,O,5·10 총선거
77회,기본,45,2,3,5·10 총선거,양원제 국회가 출범하는 결과를 가져왔다.,X,제2공화국 헌법
77회,기본,45,2,3,5·10 총선거,통일 주체 국민 회의 대의원을 선출하였다.,X,유신헌법
77회,기본,46,2,3,김영삼 정부,삼청 교육대가 운영되었다.,X,전두환 정부
77회,기본,46,2,3,김영삼 정부,경부 고속 도로가 준공되었다.,X,박정희 정부 경제
77회,기본,46,2,3,김영삼 정부,서울에서 올림픽 대회가 개최되었다.,X,노태우 정부
77회,기본,46,2,3,김영삼 정부,국민학교가 초등학교로 명칭이 바뀌었다.,O,김영삼 정부
77회,기본,47,2,3,1950년대 경제,경제 협력 개발 기구(OECD) 가입,X,김영삼 정부
77회,기본,47,2,3,1950년대 경제,미국과 자유 무역 협정(FTA) 체결,X,노무현 정부
77회,기본,47,2,3,1950년대 경제,원조 물자를 가공하는 삼백 산업 발달,O,1950년대 경제
77회,기본,47,2,3,1950년대 경제,반도체 자동차 등 기술 집약적 산업 성장,X,1980년대 경제
77회,기본,48,2,3,해양 인물,(가) - 명량에서 적의 함대를 격파하다,X,이순신
77회,기본,48,2,3,해양 인물,(나) - 우산국을 신라에 복속시키다,X,이사부
77회,기본,48,2,3,해양 인물,(다) - 진포에서 왜구를 크게 격퇴하다,O,최무선
77회,기본,48,2,3,해양 인물,(라) - 청해진을 중심으로 해상 무역을 전개하다,X,장보고
77회,기본,49,1,1.5,5·18 민주화 운동,4·19 혁명,X,4·19 혁명
77회,기본,49,1,1.5,5·18 민주화 운동,6월 민주 항쟁,X,6월 민주항쟁
77회,기본,49,1,1.5,5·18 민주화 운동,부마 민주 항쟁,X,부마민주항쟁
77회,기본,49,1,1.5,5·18 민주화 운동,5·18 민주화 운동,O,5·18 광주민주화운동
77회,기본,50,3,4.5,박정희 정부 통일,남북 조절 위원회를 구성하였다.,O,박정희 정부 통일
77회,기본,50,3,4.5,박정희 정부 통일,남북한이 유엔에 동시 가입하였다.,X,노태우 정부 통일
77회,기본,50,3,4.5,박정희 정부 통일,개성 공업 지구 건설에 합의하였다.,X,김대중 정부 통일
77회,기본,50,3,4.5,박정희 정부 통일,판문점에서 남북 정상 회담을 개최하였다.,X,문재인 정부 통일
77회,심화,1,1,1.5,청동기 시대,철제 무기로 정복 활동을 벌였다.,X,철기 시대
77회,심화,1,1,1.5,청동기 시대,소를 이용한 깊이갈이가 일반화되었다.,X,신라 지증왕
77회,심화,1,1,1.5,청동기 시대,많은 인력을 동원하여 고인돌을 축조하였다.,O,청동기 시대
77회,심화,1,1,1.5,청동기 시대,주먹도끼·찍개 등의 뗀석기를 처음 제작하였다.,X,구석기 시대
77회,심화,1,1,1.5,청동기 시대,가락바퀴와 뼈바늘을 이용하여 옷을 만들기 시작하였다.,X,신석기 시대
77회,심화,2,2,3,고조선,민며느리제라는 혼인 풍습이 있었다.,X,옥저
77회,심화,2,2,3,고조선,국가 중대사를 정사암에서 논의하였다.,X,백제
77회,심화,2,2,3,고조선,여러 가(加)들이 별도로 사출도를 주관하였다.,X,삼한/부여
77회,심화,2,2,3,고조선,지방의 여러 성에 욕살·처려근지 등을 두었다.,X,고구려
77회,심화,2,2,3,고조선,사회 질서를 유지하기 위해 범금 8조를 만들었다.,O,고조선
77회,심화,3,2,3,동예,진대법의 시행 목적을 파악한다.,X,고구려 고국천왕
77회,심화,3,2,3,동예,책화의 사회적 의미를 조사한다.,O,동예
77회,심화,3,2,3,동예,신성 구역인 소도의 기능을 알아본다.,X,삼한/부여
77회,심화,3,2,3,동예,화백 회의의 의사 결정 방식을 살펴본다.,X,신라
77회,심화,3,2,3,동예,포상 8국 전쟁이 전개되는 과정을 찾아본다.,X,가야
77회,심화,5,2,3,백제 무령왕,금마저에 미륵사를 창건하였다.,X,백제 무왕
77회,심화,5,2,3,백제 무령왕,고흥에게 서기를 편찬하게 하였다.,X,백제 근초고왕
77회,심화,5,2,3,백제 무령왕,지방의 22담로에 왕족을 파견하였다.,O,백제 무령왕
77회,심화,5,2,3,백제 무령왕,동진에서 온 마라난타를 통해 불교를 수용하였다.,X,백제 침류왕
77회,심화,5,2,3,백제 무령왕,장군 달기를 보내 고구려의 도살성을 점령하였다.,X,백제 성왕
77회,심화,6,3,4.5,삼국 통일 과정,을지문덕이 살수에서 대승을 거두었다.,X,살수대첩
77회,심화,6,3,4.5,삼국 통일 과정,복신과 도침이 부여풍을 왕으로 추대하였다.,O,삼국 통일 과정
77회,심화,6,3,4.5,삼국 통일 과정,윤충이 군사를 이끌고 대야성을 함락시켰다.,X,백제
77회,심화,6,3,4.5,삼국 통일 과정,연개소문이 정변을 일으켜 영류왕을 시해하였다.,X,고구려
77회,심화,6,3,4.5,삼국 통일 과정,김춘추가 당으로 건너가 군사 연합을 성사시켰다.,X,삼국 통일 과정
77회,심화,7,1,1.5,발해,12월에 영고라는 제천 행사를 열었다.,X,삼한/부여
77회,심화,7,1,1.5,발해,주자감을 설치하여 인재를 양성하였다.,O,발해
77회,심화,7,1,1.5,발해,군사 조직으로 9서당 10정을 편성하였다.,X,통일신라
77회,심화,7,1,1.5,발해,기인 제도를 실시하여 지방 세력을 견제하였다.,X,고려 태조
77회,심화,7,1,1.5,발해,왕족인 부여씨와 8성 귀족이 지배층을 이루었다.,X,백제
77회,심화,8,2,3,고구려,수도에 서시와 남시를 설치하였다.,X,통일신라
77회,심화,8,2,3,고구려,활구라고 불리는 은병을 주조하였다.,X,고려
77회,심화,8,2,3,고구려,집집마다 부경이라는 창고가 있었다.,O,고구려
77회,심화,8,2,3,고구려,관료전을 지급하고 녹읍을 폐지하였다.,X,신라 신문왕
77회,심화,8,2,3,고구려,풍흉에 따라 9등급으로 전세를 거두었다.,X,조선 세종
77회,심화,9,2,3,궁예,안승을 보덕왕으로 봉하였다.,X,신라 문무왕
77회,심화,9,2,3,궁예,광평성 등의 정치 기구를 마련하였다.,O,궁예
77회,심화,9,2,3,궁예,외교 담판으로 강동 6주를 확보하였다.,X,서희
77회,심화,9,2,3,궁예,김부를 경주의 사심관으로 임명하였다.,X,고려 태조
77회,심화,9,2,3,궁예,신라를 공격하여 경애왕을 죽게 하였다.,X,후백제 견훤
77회,심화,10,2,3,신라 하대,계백료서를 읽고 있는 관리,X,고려 태조
77회,심화,10,2,3,신라 하대,담배를 밭에 심고 있는 농민,X,조선 후기
77회,심화,10,2,3,신라 하대,조위총의 난을 진압하는 군인,X,고려 후기
77회,심화,10,2,3,신라 하대,진전사에서 참선하는 선종 승려,O,신라 하대
77회,심화,10,2,3,신라 하대,낙랑군과 교역할 덩이쇠를 주조하는 장인,X,가야
77회,심화,11,2,3,초조대장경,별무반을 편성하였다.,X,여진 대응
77회,심화,11,2,3,초조대장경,화통도감을 설치하였다.,X,화통도감
77회,심화,11,2,3,초조대장경,진관 체제를 실시하였다.,X,진관 체제
77회,심화,11,2,3,초조대장경,초조대장경을 조판하였다.,O,초조대장경
77회,심화,11,2,3,초조대장경,동녕부의 반환을 요청하였다.,X,고려 충렬왕
77회,심화,12,3,4.5,고려 충렬왕,응방의 설치와 매 서식지의 변화,O,고려 충렬왕
77회,심화,12,3,4.5,고려 충렬왕,시화호의 조성과 갯벌 생태계 파괴,X,김영삼 정부
77회,심화,12,3,4.5,고려 충렬왕,수의 침략과 요하 일대 감염병의 유행,X,살수대첩
77회,심화,12,3,4.5,고려 충렬왕,가죽 제품 수요 증가와 독도 강치의 멸종,X,일제강점기 사회상
77회,심화,12,3,4.5,고려 충렬왕,을축년 대홍수의 피해와 경성부의 대응 양상,X,일제강점기 사회상
77회,심화,14,2,3,고려 광종,신해통공의 단행 배경,X,조선 정조
77회,심화,14,2,3,고려 광종,명의 멸망과 소중화주의의 대두,X,송시열
77회,심화,14,2,3,고려 광종,골품제가 일상생활에 끼친 영향,X,신라
77회,심화,14,2,3,고려 광종,울산항을 통한 아라비아 상인들과의 교류,X,통일신라
77회,심화,14,2,3,고려 광종,황제국 표방 사례를 통해 본 외왕내제 의식,O,고려 광종
77회,심화,15,3,4.5,안향,제왕운기를 읽고 있는 왕,O,고려 충렬왕
77회,심화,15,3,4.5,안향,만동묘 복구를 건의하는 유생,X,흥선대원군
77회,심화,15,3,4.5,안향,동몽선습을 공부하는 서당 학동,X,조선 후기 사회
77회,심화,15,3,4.5,안향,독서삼품과 시행을 준비하는 관리,X,통일신라 원성왕
77회,심화,15,3,4.5,안향,주자소에서 계미자를 주조하는 장인,X,조선 태종
77회,심화,16,2,3,최충헌,비담과 염종의 반란을 진압하였다.,X,신라 선덕여왕
77회,심화,16,2,3,최충헌,만권당에서 원의 학자들과 교유하였다.,X,고려 충선왕
77회,심화,16,2,3,최충헌,인사 행정을 담당하던 정방을 폐지하였다.,X,고려 공민왕
77회,심화,16,2,3,최충헌,봉사 10조를 올려 시정 개혁을 건의하였다.,O,최충헌
77회,심화,16,2,3,최충헌,오월(吳越)에 사신을 보내고 검교태보의 직을 받았다.,X,후백제 견훤
77회,심화,17,2,3,김부식,(가) - 관군을 이끌고 묘청의 난을 진압하였다.,O,김부식
77회,심화,17,2,3,김부식,(가) - 시무 28조를 올려 국가 운영 방안을 제시하였다.,X,최승로
77회,심화,17,2,3,김부식,(나) - 법화 신앙을 바탕으로 백련 결사를 이끌었다.,X,요세
77회,심화,17,2,3,김부식,(나) - 화폐 발행을 위해 주전도감 설치를 건의하였다.,X,고려 의천
77회,심화,17,2,3,김부식,(가) (나) - 심성 도야를 강조하고 유불 일치설을 주장하였다.,X,혜심
77회,심화,19,1,1.5,사간원,사헌부 홍문관과 함께 3사로 불렸다.,O,사간원
77회,심화,19,1,1.5,사간원,국왕 직속 사법 기구로 반역죄 등을 다루었다.,X,조선 의금부
77회,심화,19,1,1.5,사간원,사초와 시정기를 바탕으로 실록을 편찬하였다.,X,춘추관
77회,심화,19,1,1.5,사간원,왕의 비서 기관으로 왕명의 출납을 관장하였다.,X,승정원
77회,심화,19,1,1.5,사간원,사대교린에 관한 문서를 관장하기 위해 설치되었다.,X,승문원
77회,심화,20,3,4.5,조선 세조,조의제문을 빌미로 무오사화가 일어났다.,X,무오사화
77회,심화,20,3,4.5,조선 세조,세계 지도인 혼일강리역대국도지도가 제작되었다.,X,조선 태종
77회,심화,20,3,4.5,조선 세조,예악 질서의 확립을 위한 악학궤범이 완성되었다.,X,조선 성종
77회,심화,20,3,4.5,조선 세조,역대 문물 제도를 정리한 동국문헌비고가 편찬되었다.,X,조선 영조
77회,심화,20,3,4.5,조선 세조,현직 관리에게만 수조권을 지급하는 직전법이 시행되었다.,O,조선 세조
77회,심화,21,2,3,류성룡,기대승과 사단칠정 논쟁을 전개하였다.,X,이황
77회,심화,21,2,3,류성룡,소학의 보급과 현량과 실시를 주장하였다.,X,조광조
77회,심화,21,2,3,류성룡,기축봉사를 올려 명에 대한 의리를 내세웠다.,X,송시열
77회,심화,21,2,3,류성룡,임진왜란의 상황 등을 담은 징비록을 저술하였다.,O,류성룡
77회,심화,21,2,3,류성룡,최초로 100리 척을 사용하여 동국지도를 제작하였다.,X,정상기
77회,심화,22,2,3,병자호란,강홍립 부대가 사르후 전투에 참전하였다.,X,광해군
77회,심화,22,2,3,병자호란,김종서가 두만강 일대에 6진을 개척하였다.,X,4군 6진
77회,심화,22,2,3,병자호란,김시민이 진주성 전투에서 크게 승리하였다.,X,임진왜란
77회,심화,22,2,3,병자호란,이종무가 왜구의 근거지인 쓰시마섬을 정벌하였다.,X,조선 세종
77회,심화,22,2,3,병자호란,이완이 어영대장으로 임명되어 북벌을 준비하였다.,O,조선 효종
77회,심화,23,2,3,조선 후기 사회,계해약조의 초안을 작성하는 관리,O,조선 세종
77회,심화,23,2,3,조선 후기 사회,까치를 소재로 민화를 그리는 화원,X,조선 후기 사회
77회,심화,23,2,3,조선 후기 사회,세책가에서 춘향전을 빌리는 부녀자,X,조선 후기 사회
77회,심화,23,2,3,조선 후기 사회,시사(詩社)를 조직하여 활동하는 서리,X,조선 후기 사회
77회,심화,23,2,3,조선 후기 사회,송파장에서 산대놀이를 공연하는 광대,X,조선 후기 사회
77회,심화,24,3,4.5,조선 숙종,문신을 재교육하기 위한 초계문신제를 실시하였다.,X,조선 정조
77회,심화,24,3,4.5,조선 숙종,각 궁방과 중앙 관서의 공노비 6만여 명을 해방하였다.,X,조선 순조
77회,심화,24,3,4.5,조선 숙종,국왕의 호위와 수도 방어를 위해 금위영을 창설하였다.,O,조선 숙종
77회,심화,24,3,4.5,조선 숙종,각지의 농법을 작물별로 정리한 농사직설을 편찬하였다.,X,조선 세종
77회,심화,24,3,4.5,조선 숙종,붕당 정치의 폐해를 경계하기 위해 탕평비를 건립하였다.,X,조선 영조
77회,심화,25,1,1.5,조선 후기 경제,관리에게 전지와 시지가 지급되었다.,X,전시과
77회,심화,25,1,1.5,조선 후기 경제,솔빈부의 말이 특산품으로 수출되었다.,X,발해
77회,심화,25,1,1.5,조선 후기 경제,관청에 물품을 조달하는 공인이 활동하였다.,O,조선 후기 경제
77회,심화,25,1,1.5,조선 후기 경제,당항성 영암이 국제 무역항으로 번성하였다.,X,통일신라
77회,심화,25,1,1.5,조선 후기 경제,삼한통보 해동통보 등의 화폐가 발행되었다.,X,고려 화폐
77회,심화,26,2,3,박제가,양명학을 연구하여 강화학파를 형성하였다.,X,조선 후기 사회
77회,심화,26,2,3,박제가,기기도설을 참고하여 거중기를 설계하였다.,X,정약용
77회,심화,26,2,3,박제가,역대 명필을 연구하여 추사체를 창안하였다.,X,김정희
77회,심화,26,2,3,박제가,규장각 검서관으로 무예도보통지 편찬에 참여하였다.,O,박제가
77회,심화,26,2,3,박제가,지부복궐척화의소를 올려 왜양일체론을 주장하였다.,X,최익현
77회,심화,27,1,1.5,충주 지역 역사,이괄이 반란을 일으킨 근거지를 알아본다.,X,이괄의 난
77회,심화,27,1,1.5,충주 지역 역사,김정희가 세한도를 그린 유배지를 검색한다.,X,김정희
77회,심화,27,1,1.5,충주 지역 역사,정약전이 자산어보를 저술한 곳을 조사한다.,X,조선 후기 사회
77회,심화,27,1,1.5,충주 지역 역사,강주룡이 고공 농성을 벌인 을밀대의 위치를 찾아본다.,X,1920년대 사회운동
77회,심화,27,1,1.5,충주 지역 역사,김윤후가 노비 등을 이끌고 몽골군을 격퇴한 장소를 파악한다.,O,몽골 침입
77회,심화,28,2,3,임술농민봉기,홍경래 등이 봉기하여 정주성을 점령하였다.,X,홍경래의 난
77회,심화,28,2,3,임술농민봉기,신돈이 중심이 되어 전민변정 사업을 운영하였다.,X,고려 공민왕
77회,심화,28,2,3,임술농민봉기,삼정의 문란을 시정하고자 삼정이정청이 설치되었다.,O,임술농민봉기
77회,심화,28,2,3,임술농민봉기,기금의 이자로 빈민을 구휼하는 제위보가 만들어졌다.,X,고려 광종
77회,심화,28,2,3,임술농민봉기,황사영이 외국 군대의 출병을 요청하는 백서를 작성하였다.,X,신유박해
77회,심화,29,2,3,병인양요,운요호가 강화도와 영종도를 공격하였다.,X,강화도 조약
77회,심화,29,2,3,병인양요,오페르트가 남연군 묘 도굴을 시도하였다.,X,오페르트 사건
77회,심화,29,2,3,병인양요,교조 신원을 요구하는 보은 집회가 열렸다.,X,동학 농민 운동
77회,심화,29,2,3,병인양요,병인박해로 천주교 신부와 신자들이 처형되었다.,O,병인박해
77회,심화,29,2,3,병인양요,김홍집이 가지고 온 조선책략이 조선에 유포되었다.,X,조선책략
77회,심화,30,3,4.5,을미개혁,박문국을 두어 한성순보를 발행하였다.,X,박문국
77회,심화,30,3,4.5,을미개혁,근대식 무기 제조 시설인 기기창을 설립하였다.,X,기기창
77회,심화,30,3,4.5,을미개혁,군제를 개편하여 친위대와 진위대를 설치하였다.,O,을미개혁
77회,심화,30,3,4.5,을미개혁,공사 노비법을 혁파하고 과부의 재가를 허용하였다.,X,갑오개혁
77회,심화,30,3,4.5,을미개혁,비변사를 혁파하여 의정부와 삼군부의 기능을 회복하였다.,X,흥선대원군
77회,심화,31,2,3,임오군란,김옥균 등 개화파가 주도하였다.,X,갑신정변
77회,심화,31,2,3,임오군란,제물포 조약이 체결되는 계기가 되었다.,O,임오군란
77회,심화,31,2,3,임오군란,전개 과정에서 홍범 14조가 반포되었다.,X,갑오개혁
77회,심화,31,2,3,임오군란,통리기무아문이 설치되는 배경이 되었다.,X,통리기무아문
77회,심화,31,2,3,임오군란,외규장각 도서가 약탈되는 결과를 가져왔다.,X,병인양요
77회,심화,32,2,3,대조선 국민 군단,한인 자치 기구인 경학사를 조직하였다.,X,신민회
77회,심화,32,2,3,대조선 국민 군단,한인 교육을 위해 박달 학원을 설립하였다.,X,신민회
77회,심화,32,2,3,대조선 국민 군단,무장 투쟁을 위해 대조선 국민 군단을 결성하였다.,O,대조선 국민 군단
77회,심화,32,2,3,대조선 국민 군단,유학생을 중심으로 2·8 독립 선언서를 발표하였다.,X,2·8 독립 선언
77회,심화,32,2,3,대조선 국민 군단,대한 광복군 정부를 중심으로 무장 독립 투쟁을 준비하였다.,X,대한 광복군 정부
77회,심화,33,1,1.5,을사늑약,청의 알선으로 체결이 추진되었다.,X,조미수호통상조약
77회,심화,33,1,1.5,을사늑약,통감부가 설치되는 결과를 가져왔다.,O,을사늑약
77회,심화,33,1,1.5,을사늑약,천주교 포교를 허용하는 근거가 되었다.,X,조프 수호 통상 조약
77회,심화,33,1,1.5,을사늑약,스티븐스가 외교 고문으로 부임하는 계기가 되었다.,X,화폐 정리 사업
77회,심화,33,1,1.5,을사늑약,대한 제국 군대의 해산을 규정하는 내용이 포함되어 있다.,X,정미7조약
77회,심화,34,2,3,신민회,만세보를 발행하였다.,X,만세보
77회,심화,34,2,3,신민회,대성 학교를 설립하였다.,O,신민회
77회,심화,34,2,3,신민회,만민 공동회를 개최하였다.,X,독립협회
77회,심화,34,2,3,신민회,부민관 폭파 의거를 계획하였다.,X,민족말살통치기
77회,심화,34,2,3,신민회,일제의 황무지 개간권 요구를 저지하였다.,X,보안회
77회,심화,35,3,4.5,육영공원,7재라는 전문 강좌가 있었다.,X,고려 예종
77회,심화,35,3,4.5,육영공원,덕원부 관민이 합심하여 만들었다.,X,원산학사
77회,심화,35,3,4.5,육영공원,교육입국 조서에 근거하여 세워졌다.,X,갑오개혁
77회,심화,35,3,4.5,육영공원,주요 건물로 대성전과 명륜당을 두었다.,X,성균관
77회,심화,35,3,4.5,육영공원,좌원과 우원을 구분하여 학생을 선발하였다.,O,육영공원
77회,심화,36,2,3,의열단,고종의 강제 퇴위에 반대하는 시위를 주도하였다.,X,대한자강회
77회,심화,36,2,3,의열단,조선 총독부에 국권 반환 요구서를 제출하려 하였다.,X,독립의군부
77회,심화,36,2,3,의열단,독립운동 자금 마련을 위해 독립 공채를 발행하였다.,X,대한민국 임시정부
77회,심화,36,2,3,의열단,신채호가 쓴 조선 혁명 선언을 활동 지침으로 삼았다.,O,의열단
77회,심화,36,2,3,의열단,신규식을 중심으로 조직되어 교민들의 단결을 도모하였다.,X,동제사
77회,심화,37,1,1.5,토지조사사업,태형을 집행하는 헌병 경찰,O,1910년대 통치
77회,심화,37,1,1.5,토지조사사업,원수부에서 업무를 처리하는 관리,X,대한제국
77회,심화,37,1,1.5,토지조사사업,몸뻬 착용을 홍보하는 애국반 반장,X,민족말살통치기
77회,심화,37,1,1.5,토지조사사업,경인선 개통식에 참석하는 일본인 거류민,X,대한제국 시기
77회,심화,37,1,1.5,토지조사사업,나운규가 감독한 아리랑의 첫 상영을 준비하는 단성사 직원,X,영화 아리랑
77회,심화,38,2,3,신간회,개벽 신여성 등의 잡지를 발행하였다.,X,1920년대 사회운동
77회,심화,38,2,3,신간회,중추원 개편을 통해 의회 설립을 추진하였다.,X,독립협회
77회,심화,38,2,3,신간회,군사 조직으로 한인 국방 경위대를 창설하였다.,X,흥사단
77회,심화,38,2,3,신간회,순종의 인산일을 기회로 만세 운동을 계획하였다.,X,6·10 만세 운동
77회,심화,38,2,3,신간회,광주 학생 항일 운동에 진상 조사단을 파견하였다.,O,신간회
77회,심화,39,2,3,농촌 진흥 운동,조선 민립 대학 기성회가 조직되었어요.,X,민립 대학 설립 운동
77회,심화,39,2,3,농촌 진흥 운동,메가타의 주도로 화폐 정리 사업이 시행되었어요.,X,화폐 정리 사업
77회,심화,39,2,3,농촌 진흥 운동,귀속 재산 관리를 위해 신한 공사가 운영되었어요.,X,신한 공사
77회,심화,39,2,3,농촌 진흥 운동,회사 설립을 허가제로 하는 회사령이 공포되었어요.,X,회사령
77회,심화,39,2,3,농촌 진흥 운동,농민의 자력갱생을 내세운 농촌 진흥 운동이 추진되었어요.,O,농촌 진흥 운동
77회,심화,40,3,4.5,일제강점기 사회상,김민기 아침 이슬,X,박정희 정부
77회,심화,40,3,4.5,일제강점기 사회상,윤심덕 사의 찬미,O,일제강점기 사회상
77회,심화,40,3,4.5,일제강점기 사회상,현인 굳세어라 금순아,X,1950년대 경제
77회,심화,40,3,4.5,일제강점기 사회상,코리아나 손에 손 잡고,X,노태우 정부
77회,심화,40,3,4.5,일제강점기 사회상,이해연 단장의 미아리 고개,X,1950년대 경제
77회,심화,41,2,3,조선혁명군,흥경성 전투에서 일본군을 격퇴하였다.,O,조선혁명군
77회,심화,41,2,3,조선혁명군,일본군의 공세를 피해 자유시로 이동하였다.,X,청산리 전투
77회,심화,41,2,3,조선혁명군,이른바 남한 대토벌 작전으로 큰 피해를 입었다.,X,정미의병
77회,심화,41,2,3,조선혁명군,영국군의 요청으로 인도·미얀마 전선에 파견되었다.,X,광복군 창설
77회,심화,41,2,3,조선혁명군,한국인 유격대를 중심으로 조국 광복회를 조직하였다.,X,동북 항일 연군
77회,심화,42,3,4.5,조소앙,흥사단을 창립함.,X,흥사단
77회,심화,42,3,4.5,조소앙,이토 히로부미를 사살함.,X,안중근
77회,심화,42,3,4.5,조소앙,한국독립운동지혈사를 저술함.,X,박은식
77회,심화,42,3,4.5,조소앙,한국 독립군의 총사령관으로 활약함.,X,한국독립군
77회,심화,42,3,4.5,조소앙,김원봉 등과 함께 민족 혁명당을 결성함.,O,민족 혁명당
77회,심화,43,2,3,조선어 연구회,제헌절 – 첫 헌법 제정의 의미를 강조하다,X,5·10 총선거
77회,심화,43,2,3,조선어 연구회,가갸날 – 우리 말과 글의 소중함을 되새기다,O,조선어 연구회
77회,심화,43,2,3,조선어 연구회,향토 예비군의 날 – 범국민적인 안보의식을 조성하다,X,박정희 정부
77회,심화,43,2,3,조선어 연구회,은사의 날 – 스승을 향한 감사와 공경의 마음을 전하다,X,일제강점기 사회상
77회,심화,43,2,3,조선어 연구회,이산가족의 날 - 이산가족 문제에 대한 관심을 제고하다,X,박정희 정부 통일
77회,심화,44,1,1.5,민족말살통치기,원산 총파업에 동참하는 노동자,X,원산 총파업
77회,심화,44,1,1.5,민족말살통치기,국채 보상 운동에 성금을 내는 상인,X,국채 보상 운동
77회,심화,44,1,1.5,민족말살통치기,원각사에서 연극 은세계를 공연하는 배우,X,대한제국 시기
77회,심화,44,1,1.5,민족말살통치기,황국 신민 서사를 암송하는 국민학교 학생,O,민족말살통치기
77회,심화,44,1,1.5,민족말살통치기,조선 형평사 창립 대회 현장을 취재하는 기자,X,형평 운동
77회,심화,45,2,3,농지 개혁,농지 개혁의 전개 과정을 알아본다.,O,농지 개혁
77회,심화,45,2,3,농지 개혁,광주 대단지 사건의 결과를 파악한다.,X,박정희 정부 경제
77회,심화,45,2,3,농지 개혁,개발 제한 구역 설정의 목적을 찾아본다.,X,박정희 정부 경제
77회,심화,45,2,3,농지 개혁,산미 증식 계획의 추진 배경을 분석한다.,X,산미 증식 계획
77회,심화,45,2,3,농지 개혁,지계아문이 추진한 정책의 내용을 조사한다.,X,광무개혁
77회,심화,46,2,3,여운형,광복에 대비하여 조선 건국 동맹을 결성하였다.,O,여운형
77회,심화,46,2,3,여운형,대한민국 임시 정부 초대 국무총리를 역임하였다.,X,대한민국 임시정부
77회,심화,46,2,3,여운형,정읍에서 남한만의 단독 정부 수립을 주장하였다.,X,5·10 총선거
77회,심화,46,2,3,여운형,헤이그에서 열린 만국 평화 회의에 특사로 파견되었다.,X,헤이그 특사
77회,심화,46,2,3,여운형,민족을 역사 서술의 중심에 둔 독사신론을 발표하였다.,X,신채호
77회,심화,47,3,4.5,박정희 정부 경제,최저 임금 위원회가 설치되었다.,X,전두환 정부
77회,심화,47,3,4.5,박정희 정부 경제,포항 제철소 1기 설비가 준공되었다.,O,박정희 정부 경제
77회,심화,47,3,4.5,박정희 정부 경제,전국 민주 노동조합 총연맹이 창립되었다.,X,김영삼 정부
77회,심화,47,3,4.5,박정희 정부 경제,칠레와의 자유 무역 협정(FTA)이 체결되었다.,X,노무현 정부
77회,심화,47,3,4.5,박정희 정부 경제,경제 협력 개발 기구(OECD) 회원국이 되었다.,X,김영삼 정부
77회,심화,48,2,3,YH 무역 사건,애치슨 라인이 발표되었다.,X,애치슨 라인
77회,심화,48,2,3,YH 무역 사건,부마 민주 항쟁이 일어났다.,O,부마민주항쟁
77회,심화,48,2,3,YH 무역 사건,사사오입의 논리로 개헌안이 통과되었다.,X,사사오입 개헌
77회,심화,48,2,3,YH 무역 사건,반민족 행위 특별 조사 위원회가 해체되었다.,X,5·10 총선거
77회,심화,48,2,3,YH 무역 사건,민의원 참의원으로 구성된 양원제 국회가 탄생하였다.,X,제2공화국 헌법
77회,심화,49,2,3,전두환 정부,헝가리에 상주 대표부가 설치되었다.,X,노태우 정부 통일
77회,심화,49,2,3,전두환 정부,박종철 고문 치사 사건이 발생하였다.,O,전두환 정부
77회,심화,49,2,3,전두환 정부,평화 통일을 주장한 조봉암이 처형되었다.,X,이승만 정부
77회,심화,49,2,3,전두환 정부,대통령 긴급 명령으로 금융 실명제가 실시되었다.,X,김영삼 정부
77회,심화,49,2,3,전두환 정부,서울역에서 청량리역 간에 서울 지하철 1호선이 개통되었다.,X,박정희 정부 경제
77회,심화,50,2,3,백제 성왕,(가) - 서안평을 공격하여 영토를 확대하였다.,X,고구려 미천왕
77회,심화,50,2,3,백제 성왕,(나) - 소지 마립간과 혼인 동맹을 맺었다.,X,백제 동성왕
77회,심화,50,2,3,백제 성왕,(다) - 국호를 남부여라 칭하였다.,O,백제 성왕
77회,심화,50,2,3,백제 성왕,(라) - 쌍성총관부를 수복하였다.,X,고려 공민왕
77회,심화,50,2,3,백제 성왕,(마) - 경국대전을 완성하였다.,X,조선 성종
76회,심화,1,1,1.5,구석기 시대,민무늬 토기에 식량을 저장하였다.,X,청동기 시대
76회,심화,1,1,1.5,구석기 시대,가락바퀴를 이용하여 실을 만들었다.,X,신석기 시대
76회,심화,1,1,1.5,구석기 시대,명도전 반량전 등 화폐를 사용하였다.,X,철기 시대
76회,심화,1,1,1.5,구석기 시대,철제 농기구를 사용하여 농사를 지었다.,X,철기 시대
76회,심화,1,1,1.5,구석기 시대,주로 동굴이나 강가의 막집에 거주하였다.,O,구석기 시대
76회,심화,2,2,3,고구려,신성 구역인 소도가 존재하였다.,X,삼한/부여
76회,심화,2,2,3,고구려,10월에 동맹이라는 제천 행사를 열었다.,O,고구려
76회,심화,2,2,3,고구려,읍락 간의 경계를 중시하는 책화가 있었다.,X,동예
76회,심화,2,2,3,고구려,사회 질서 유지를 위해 범금 8조를 두었다.,X,고조선
76회,심화,2,2,3,고구려,화백 회의에서 국가의 중대사를 결정하였다.,X,신라
76회,심화,5,2,3,통일신라,경성과 경원에 무역소를 두었다.,X,조선 태종
76회,심화,5,2,3,통일신라,솔빈부의 말을 특산품으로 수출하였다.,X,발해
76회,심화,5,2,3,통일신라,서적점 다점 등의 관영 상점을 운영하였다.,X,고려
76회,심화,5,2,3,통일신라,청해진을 중심으로 해상 무역이 번성하였다.,O,통일신라
76회,심화,5,2,3,통일신라,특수 행정 구역인 소에서 여러 물품을 생산하였다.,X,고려
76회,심화,6,2,3,신라 신문왕,병부를 설치하고 율령을 반포하였다.,X,신라 법흥왕
76회,심화,6,2,3,신라 신문왕,관료전을 지급하고 녹읍을 폐지하였다.,O,신라 신문왕
76회,심화,6,2,3,신라 신문왕,화랑도를 국가적인 조직으로 개편하였다.,X,신라 진흥왕
76회,심화,6,2,3,신라 신문왕,관리 선발을 위해 독서삼품과를 시행하였다.,X,통일신라 원성왕
76회,심화,6,2,3,신라 신문왕,국호를 마진으로 바꾸고 도읍을 철원으로 옮겼다.,X,궁예
76회,심화,7,2,3,의상,보현십원가를 지었다.,X,균여
76회,심화,7,2,3,의상,세속 5계를 제시하였다.,X,원광
76회,심화,7,2,3,의상,대승기신론소를 저술하였다.,X,원효
76회,심화,7,2,3,의상,화엄일승법계도를 작성하였다.,O,의상
76회,심화,7,2,3,의상,신편제종교장총록을 편찬하였다.,X,고려 의천
76회,심화,8,2,3,발해,역사서인 유기와 신집을 편찬하였다.,X,고구려
76회,심화,8,2,3,발해,내신좌평 내두좌평 등 6좌평이 있었다.,X,백제
76회,심화,8,2,3,발해,5경 15부 62주의 지방 행정 제도를 갖추었다.,O,발해
76회,심화,8,2,3,발해,도병마사에서 변경의 군사 문제 등을 논의하였다.,X,고려
76회,심화,8,2,3,발해,골품에 따라 관등 승진 일상생활 등을 엄격히 제한하였다.,X,신라
76회,심화,9,3,4.5,신라 하대,비담과 염종의 난이 진압되었다.,X,신라 선덕여왕
76회,심화,9,3,4.5,신라 하대,김헌창이 웅천주에서 반란을 일으켰다.,O,신라 하대
76회,심화,9,3,4.5,신라 하대,연개소문이 정변을 일으켜 권력을 잡았다.,X,고구려
76회,심화,9,3,4.5,신라 하대,만적을 비롯한 노비들이 반란을 모의하였다.,X,만적의 난
76회,심화,9,3,4.5,신라 하대,김춘추가 당으로 건너가 군사적 지원을 요청하였다.,X,삼국 통일 과정
76회,심화,10,2,3,후백제 견훤,신숭겸이 공산 전투에서 전사하였다.,X,고려 태조
76회,심화,10,2,3,후백제 견훤,신검의 군대가 일리천 전투에서 패배하였다.,O,후백제 견훤
76회,심화,10,2,3,후백제 견훤,궁예가 군대를 보내 나주 일대를 점령하였다.,X,궁예
76회,심화,10,2,3,후백제 견훤,김선평 권행 등이 고창 전투에서 활약하였다.,X,고려 태조
76회,심화,10,2,3,후백제 견훤,경애왕이 후백제군의 왕경 습격으로 사망하였다.,X,후백제 견훤
76회,심화,11,2,3,고려 예종,국자감에 7재라는 전문 강좌를 개설하였다.,O,고려 예종
76회,심화,11,2,3,고려 예종,지방 12목에 경학 박사를 처음 파견하였다.,X,고려 성종
76회,심화,11,2,3,고려 예종,서적포를 설치하여 출판을 담당하게 하였다.,X,고려 숙종
76회,심화,11,2,3,고려 예종,대도에 만권당을 세워 중국 학자와 교유하였다.,X,고려 충선왕
76회,심화,11,2,3,고려 예종,외국어 교육과 통역을 관장하는 통문관을 설치하였다.,X,고려 충렬왕
76회,심화,12,3,4.5,최우,원종을 폐위하고 안경공 창을 즉위시켰다.,X,고려 후기
76회,심화,12,3,4.5,최우,9재 학당을 설립하여 유교 교육에 힘썼다.,X,최충
76회,심화,12,3,4.5,최우,인사 행정 담당 기구로 정방을 설치하였다.,O,최우
76회,심화,12,3,4.5,최우,전민변정도감의 책임자로서 개혁을 이끌었다.,X,고려 공민왕
76회,심화,12,3,4.5,최우,오월에 사신을 보내고 검교태보의 직을 받았다.,X,후백제 견훤
76회,심화,13,2,3,고려,초량 왜관을 통해 일본과 무역하였다.,X,조선 후기 경제
76회,심화,13,2,3,고려,덕대가 광산을 전문적으로 경영하였다.,X,조선 후기 경제
76회,심화,13,2,3,고려,당항성 영암이 국제 무역항으로 번성하였다.,X,통일신라
76회,심화,13,2,3,고려,거란도 영주도를 통해 주변국과 교역하였다.,X,발해
76회,심화,13,2,3,고려,주전도감을 설치하여 해동통보를 발행하였다.,O,고려
76회,심화,15,3,4.5,개경 지역 역사,몽골의 사신 저고여가 피살된 곳을 조사한다.,X,몽골 침입
76회,심화,15,3,4.5,개경 지역 역사,서희가 외교 담판을 통해 획득한 곳을 찾아본다.,X,서희
76회,심화,15,3,4.5,개경 지역 역사,강감찬이 건의하여 건설된 성곽이 있는 곳을 검색한다.,O,거란 2차 침입
76회,심화,15,3,4.5,개경 지역 역사,김보당이 무신 정권에 저항하여 봉기한 곳을 파악한다.,X,고려 후기
76회,심화,15,3,4.5,개경 지역 역사,최무선이 화포를 이용하여 왜구를 물리친 곳을 알아본다.,X,화통도감
76회,심화,16,2,3,몽골 침입,강화도로 도읍을 옮겨 항전하였다.,O,몽골 침입
76회,심화,16,2,3,몽골 침입,광군을 조직하여 침입에 대비하였다.,X,거란 1차 침입
76회,심화,16,2,3,몽골 침입,삼수병으로 구성된 훈련도감을 신설하였다.,X,임진왜란
76회,심화,16,2,3,몽골 침입,별무반을 편성하고 동북 9성을 축조하였다.,X,여진 대응
76회,심화,16,2,3,몽골 침입,철령위 설치에 반발하여 요동 정벌을 추진하였다.,X,고려 우왕
76회,심화,18,1,1.5,고려 충렬왕,쌍기의 건의로 과거제가 도입되었다.,X,고려 광종
76회,심화,18,1,1.5,고려 충렬왕,빈민 구제를 위해 흑창이 설립되었다.,X,고려 태조
76회,심화,18,1,1.5,고려 충렬왕,매를 기르고 훈련시키는 응방이 설치되었다.,O,고려 충렬왕
76회,심화,18,1,1.5,고려 충렬왕,의천이 국청사를 중심으로 천태종을 개창하였다.,X,고려 의천
76회,심화,18,1,1.5,고려 충렬왕,망이·망소이가 가혹한 수탈에 저항하여 봉기하였다.,X,망이·망소이의 난
76회,심화,19,3,4.5,조선 세종,훈련 교범인 무예도보통지가 간행되었다.,X,조선 정조
76회,심화,19,3,4.5,조선 세종,전통 한의학을 정리한 동의보감이 저술되었다.,X,광해군
76회,심화,19,3,4.5,조선 세종,음악 이론 등을 집대성한 악학궤범이 완성되었다.,X,조선 성종
76회,심화,19,3,4.5,조선 세종,유교 윤리의 보급을 위해 삼강행실도가 편찬되었다.,O,조선 세종
76회,심화,19,3,4.5,조선 세종,군정 재정의 내용을 정리한 만기요람이 만들어졌다.,X,조선 순조
76회,심화,20,2,3,연산군,유자광의 고변으로 남이가 처형되었다.,X,조선 성종
76회,심화,20,2,3,연산군,기사환국으로 송시열이 죽임을 당하였다.,X,조선 숙종
76회,심화,20,2,3,연산군,외척 간의 권력 다툼으로 윤임이 제거되었다.,X,조선 명종
76회,심화,20,2,3,연산군,위훈 삭제를 주장한 조광조 일파가 축출되었다.,X,기묘사화
76회,심화,20,2,3,연산군,조의제문이 발단이 되어 김일손 등이 피해를 입었다.,O,무오사화
76회,심화,21,2,3,임진왜란,정문부가 북관대첩을 이끌었다.,O,임진왜란
76회,심화,21,2,3,임진왜란,정봉수가 용골산성에서 항쟁하였다.,X,정묘호란
76회,심화,21,2,3,임진왜란,최윤덕이 이만주 부대를 정벌하였다.,X,4군 6진
76회,심화,21,2,3,임진왜란,강홍립이 사르후 전투에 참전하였다.,X,광해군
76회,심화,21,2,3,임진왜란,김준룡이 광교산 전투에서 항전하였다.,X,병자호란
76회,심화,22,2,3,홍문관,수도의 행정과 치안을 담당하였다.,X,한성부
76회,심화,22,2,3,홍문관,사헌부 사간원과 함께 3사로 불렸다.,O,홍문관
76회,심화,22,2,3,홍문관,대사성 좨주 직강 등의 관직이 있었다.,X,성균관
76회,심화,22,2,3,홍문관,왕명 출납을 맡은 왕의 비서 기관이었다.,X,승정원
76회,심화,22,2,3,홍문관,사초와 시정기를 바탕으로 실록을 편찬하였다.,X,춘추관
76회,심화,23,1,1.5,대동법,전시과에서 전지 지급 기준의 변화를 찾아본다.,X,전시과
76회,심화,23,1,1.5,대동법,일부 상류층에게 선무군관포를 거둔 목적을 알아본다.,X,균역법
76회,심화,23,1,1.5,대동법,과전 지급 대상을 현직 관리로 제한한 까닭을 검색한다.,X,과전법
76회,심화,23,1,1.5,대동법,풍흉에 관계없이 전세 부담액을 고정한 이유를 분석한다.,X,영정법
76회,심화,23,1,1.5,대동법,관청에 물품을 조달하는 공인이 등장한 배경을 조사한다.,O,대동법
76회,심화,24,2,3,이익,의산문답에서 무한 우주론을 주장하였다.,X,홍대용
76회,심화,24,2,3,이익,북학의에서 절약보다 적절한 소비를 권장하였다.,X,박제가
76회,심화,24,2,3,이익,열하일기에서 수레와 선박의 필요성을 서술하였다.,X,박지원
76회,심화,24,2,3,이익,성호사설에서 나라를 망치는 여섯 가지 좀을 제시하였다.,O,이익
76회,심화,24,2,3,이익,우서에서 사농공상의 직업적 평등과 전문화를 강조하였다.,X,유수원
76회,심화,25,2,3,조선 영조,나선 정벌에 조총 부대를 파견하였다.,X,조선 효종
76회,심화,25,2,3,조선 영조,통치 규범을 재정비한 속대전을 편찬하였다.,O,조선 영조
76회,심화,25,2,3,조선 영조,청과 국경을 정한 백두산정계비를 건립하였다.,X,조선 숙종
76회,심화,25,2,3,조선 영조,문신을 재교육하기 위한 초계문신제를 시행하였다.,X,조선 정조
76회,심화,25,2,3,조선 영조,한성 방어를 위하여 총융청과 수어청을 창설하였다.,X,조선 인조
76회,심화,26,2,3,신유박해,상평통보로 물건을 거래하는 객주,X,조선 후기 경제
76회,심화,26,2,3,신유박해,인삼 무역으로 크게 수익을 본 송상,X,조선 후기 경제
76회,심화,26,2,3,신유박해,주자소에서 계미자를 주조하는 장인,O,조선 태종
76회,심화,26,2,3,신유박해,고추 담배 등의 상품 작물을 재배하는 농민,X,조선 후기 사회
76회,심화,26,2,3,신유박해,저잣거리에서 한글 소설을 읽어주는 전기수,X,조선 후기 사회
76회,심화,29,2,3,흥선대원군,청일 전쟁이 발발하였다.,X,청일전쟁 발발
76회,심화,29,2,3,흥선대원군,삼정이정청이 설치되었다.,X,임술농민봉기
76회,심화,29,2,3,흥선대원군,영국이 거문도를 불법으로 점령하였다.,X,거문도 사건
76회,심화,29,2,3,흥선대원군,김기수가 수신사로 일본에 파견되었다.,X,강화도 조약
76회,심화,29,2,3,흥선대원군,한성근 부대가 문수산성에서 항전하였다.,O,병인양요
76회,심화,30,2,3,조청상민수륙무역장정,임오군란을 계기로 체결되었다.,O,조청상민수륙무역장정
76회,심화,30,2,3,조청상민수륙무역장정,거중 조정의 조항을 포함하였다.,X,조미수호통상조약
76회,심화,30,2,3,조청상민수륙무역장정,방곡령을 선포할 수 있는 조건을 명시하였다.,X,강화도 조약
76회,심화,30,2,3,조청상민수륙무역장정,부산항과 원산항이 개항되는 결과를 가져왔다.,X,강화도 조약
76회,심화,30,2,3,조청상민수륙무역장정,외국인을 재정 고문으로 두도록 하는 조항을 담고 있다.,X,화폐 정리 사업
76회,심화,31,1,1.5,동학 농민 운동,일본의 황무지 개간권 요구를 저지하였다.,X,보안회
76회,심화,31,1,1.5,동학 농민 운동,조선 총독부의 방해와 탄압으로 중단되었다.,X,민립 대학 설립 운동
76회,심화,31,1,1.5,동학 농민 운동,집강소를 중심으로 폐정 개혁안을 실천하였다.,O,동학 농민 운동
76회,심화,31,1,1.5,동학 농민 운동,이른바 남한 대토벌 작전으로 큰 피해를 입었다.,X,정미의병
76회,심화,31,1,1.5,동학 농민 운동,상황 수습을 위해 박규수가 안핵사로 파견되었다.,X,임술농민봉기
76회,심화,32,2,3,독립협회,고종 강제 퇴위 반대 운동을 주도하였다.,X,대한자강회
76회,심화,32,2,3,독립협회,만세보를 발행하여 민족의식을 고취하였다.,X,만세보
76회,심화,32,2,3,독립협회,파리 강화 회의에 독립 청원서를 제출하였다.,X,대한민국 임시정부
76회,심화,32,2,3,독립협회,관민 공동회를 개최하여 헌의 6조를 결의하였다.,O,독립협회
76회,심화,32,2,3,독립협회,계몽 서적을 보급하기 위해 태극 서관을 운영하였다.,X,신민회
76회,심화,33,2,3,광무개혁,개혁을 추진하기 위해 군국기무처를 두었다.,X,갑오개혁
76회,심화,33,2,3,광무개혁,행정 기구를 6조에서 8아문으로 개편하였다.,X,갑오개혁
76회,심화,33,2,3,광무개혁,근대식 무기 제조 공장인 기기창을 설립하였다.,X,기기창
76회,심화,33,2,3,광무개혁,토지 소유권을 확인해 주는 지계를 발급하였다.,O,광무개혁
76회,심화,33,2,3,광무개혁,개혁의 방향을 제시한 홍범 14조를 반포하였다.,X,갑오개혁
76회,심화,35,2,3,헤이그 특사,김홍집 조선책략을 가져오다,X,조선책략
76회,심화,35,2,3,헤이그 특사,김옥균 개화당 정부를 수립하다,X,갑신정변
76회,심화,35,2,3,헤이그 특사,김윤식 영선사로 청에 다녀오다,X,통리기무아문
76회,심화,35,2,3,헤이그 특사,유길준 조선 중립화론을 건의하다,X,거문도 사건
76회,심화,35,2,3,헤이그 특사,이상설 고종의 특사로 헤이그에 가다,O,헤이그 특사
76회,심화,36,1,1.5,1910년대 통치,암태도 소작 쟁의에 참여하는 농민,X,암태도 소작쟁의
76회,심화,36,1,1.5,1910년대 통치,제복을 입고 칼을 찬 채 수업하는 교사,O,1910년대 통치
76회,심화,36,1,1.5,1910년대 통치,잡지 어린이에 실을 원고를 작성하는 작가,X,1920년대 사회운동
76회,심화,36,1,1.5,1910년대 통치,토월회에서 연극 공연을 준비하고 있는 배우,X,1920년대 사회운동
76회,심화,36,1,1.5,1910년대 통치,경성 고무 여자 직공 조합의 파업을 취재하는 기자,X,1920년대 사회운동
76회,심화,37,3,4.5,민립 대학 설립 운동,국권 회복을 위해 해조신문이 창간되었다.,X,대한제국 시기
76회,심화,37,3,4.5,민립 대학 설립 운동,평양 숭의 여학교에서 송죽회가 결성되었다.,X,1910년대 통치
76회,심화,37,3,4.5,민립 대학 설립 운동,메가타의 주도로 화폐 정리 사업이 실시되었다.,X,화폐 정리 사업
76회,심화,37,3,4.5,민립 대학 설립 운동,회사 설립을 허가제로 하는 회사령이 공포되었다.,X,회사령
76회,심화,37,3,4.5,민립 대학 설립 운동,조선 민립 대학 기성회 창립을 위한 총회가 개최되었다.,O,민립 대학 설립 운동
76회,심화,38,2,3,의열단,신흥 강습소를 세워 독립군을 양성하였다.,X,신민회
76회,심화,38,2,3,의열단,구미 위원부를 설치하여 외교 활동을 전개하였다.,X,대한민국 임시정부
76회,심화,38,2,3,의열단,단원인 이봉창이 일왕 행렬에 폭탄을 투척하였다.,X,한인 애국단
76회,심화,38,2,3,의열단,조선 혁명 선언을 통해 이념과 활동 방침을 밝혔다.,O,의열단
76회,심화,38,2,3,의열단,조선 총독부에 국권 반환 요구서를 제출하고자 하였다.,X,독립의군부
76회,심화,39,2,3,물산 장려 운동,대한매일신보의 후원을 받아 확산되었다.,X,국채 보상 운동
76회,심화,39,2,3,물산 장려 운동,순종의 인산일을 기회로 삼아 추진하였다.,X,6·10 만세 운동
76회,심화,39,2,3,물산 장려 운동,자작회 토산 애용 부인회 등이 활동하였다.,O,물산 장려 운동
76회,심화,39,2,3,물산 장려 운동,신간회가 진상 조사단을 파견하여 지원하였다.,X,광주학생항일운동
76회,심화,39,2,3,물산 장려 운동,강주룡이 을밀대 지붕에서 고공 농성을 벌였다.,X,1920년대 사회운동
76회,심화,40,2,3,근우회,개벽 신여성 등의 잡지를 발행하였다.,X,1920년대 사회운동
76회,심화,40,2,3,근우회,여성 교육을 위해 이화 학당을 설립하였다.,X,이화학당
76회,심화,40,2,3,근우회,좌우를 아우르는 민족 협동 전선으로 결성되었다.,O,근우회
76회,심화,40,2,3,근우회,조선학 운동을 전개하여 여유당전서를 간행하였다.,X,진단학회
76회,심화,40,2,3,근우회,최초의 여성 권리 선언문인 여권통문을 발표하였다.,X,독립협회
76회,심화,41,2,3,대한민국 임시정부,한인 자치 기관인 경학사를 조직하였다.,O,신민회
76회,심화,41,2,3,대한민국 임시정부,자금 마련을 위해 독립 공채를 발행하였다.,X,대한민국 임시정부
76회,심화,41,2,3,대한민국 임시정부,삼균주의를 기초로 하는 건국 강령을 발표하였다.,X,대한민국 임시정부
76회,심화,41,2,3,대한민국 임시정부,육군 주만 참의부를 편성하여 무장 투쟁을 펼쳤다.,X,대한민국 임시정부
76회,심화,41,2,3,대한민국 임시정부,임시 사료 편찬회를 두어 한일 관계 사료집을 간행하였다.,X,대한민국 임시정부
76회,심화,42,1,1.5,민족말살통치기,미쓰야 협정이 체결되었다.,X,미쓰야 협정
76회,심화,42,1,1.5,민족말살통치기,치안 유지법이 제정되었다.,X,치안유지법
76회,심화,42,1,1.5,민족말살통치기,조선사 편수회가 조직되었다.,X,일제강점기 사회상
76회,심화,42,1,1.5,민족말살통치기,여자 정신 근로령이 공표되었다.,O,민족말살통치기
76회,심화,42,1,1.5,민족말살통치기,동양 척식 주식회사가 설립되었다.,X,대한제국 시기
76회,심화,43,2,3,일제강점기 사회상,몸뻬 전시 체제의 의생활,X,민족말살통치기
76회,심화,43,2,3,일제강점기 사회상,라디오 방송 연예 오락의 유행,X,일제강점기 사회상
76회,심화,43,2,3,일제강점기 사회상,경평 축구 대회 스포츠의 대중화,X,일제강점기 사회상
76회,심화,43,2,3,일제강점기 사회상,새마을 운동 농촌의 생활 환경 개선,O,새마을 운동
76회,심화,43,2,3,일제강점기 사회상,모던 걸 전통적 여성상을 탈피한 신여성의 등장,X,일제강점기 사회상
76회,심화,44,3,4.5,여운형,신한공사를 설립하였다.,X,신한 공사
76회,심화,44,3,4.5,여운형,좌우 합작 7원칙을 제시하였다.,X,여운형
76회,심화,44,3,4.5,여운형,한인 국방 경위대를 창설하였다.,X,대조선 국민 군단
76회,심화,44,3,4.5,여운형,남북 협상 공동 성명서를 발표하였다.,X,5·10 총선거
76회,심화,44,3,4.5,여운형,조선 인민 공화국 수립이 선포된 후 해산하였다.,O,여운형
76회,심화,45,1,1.5,제주 4·3 사건,향토 예비군 창설의 계기가 되었다.,X,박정희 정부
76회,심화,45,1,1.5,제주 4·3 사건,조봉암이 간첩 혐의를 받아 사형되었다.,X,이승만 정부
76회,심화,45,1,1.5,제주 4·3 사건,유엔군이 한반도에 파병되는 원인이 되었다.,X,6·25 전쟁
76회,심화,45,1,1.5,제주 4·3 사건,허정 과도 정부가 구성되는 결과를 가져왔다.,X,4·19 혁명
76회,심화,45,1,1.5,제주 4·3 사건,진상 규명과 희생자 명예 회복을 위한 특별법이 제정되었다.,O,제주 4·3 사건
76회,심화,46,3,4.5,김정희,(가) - 오페르트 도굴 미수 사건에 대해 찾아본다.,X,오페르트 사건
76회,심화,46,3,4.5,김정희,(나) - 한인 애국단의 활동을 조사한다.,X,한인 애국단
76회,심화,46,3,4.5,김정희,(다) - 고려 시대 건축물의 공포 양식을 알아본다.,X,고려
76회,심화,46,3,4.5,김정희,(라) - 백제 부흥 운동에 대해 파악한다.,X,삼국 통일 과정
76회,심화,46,3,4.5,김정희,(마) - 이황과 사단칠정 논쟁을 한 인물을 검색한다.,O,이황
76회,심화,48,2,3,박정희 정부,서울 지하철 1호선 개통식을 취재하는 기자,O,박정희 정부 경제
76회,심화,48,2,3,박정희 정부,반민족 행위 처벌법을 통과시키는 국회의원,X,이승만 정부
76회,심화,48,2,3,박정희 정부,한·중 자유 무역 협정(FTA)에 서명하는 장관,X,박근혜 정부
76회,심화,48,2,3,박정희 정부,금융실명제 실시로 신분증을 요구하는 은행 직원,X,김영삼 정부
76회,심화,48,2,3,박정희 정부,외환 위기 극복을 위한 금 모으기 운동에 동참하는 시민,X,김대중 정부 경제
76회,심화,49,2,3,노태우 정부 통일,남북 조절위원회가 구성되었다.,X,박정희 정부 통일
76회,심화,49,2,3,노태우 정부 통일,남북한이 유엔에 동시 가입하였다.,O,노태우 정부 통일
76회,심화,49,2,3,노태우 정부 통일,금강산 해로 관광 사업이 시작되었다.,X,김대중 정부 통일
76회,심화,49,2,3,노태우 정부 통일,개성에 남북 경제 협력 협의 사무소가 설치되었다.,X,노무현 정부
76회,심화,49,2,3,노태우 정부 통일,최초로 남북 이산가족 고향 방문단 교환이 이루어졌다.,X,전두환 정부 통일
76회,심화,50,3,4.5,광무개혁,(가) - 군대를 보내 신라에 침입한 왜를 격퇴하였다.,X,광개토대왕
76회,심화,50,3,4.5,광무개혁,(나) - 금관가야를 복속하여 영토를 확대하였다.,X,신라 법흥왕
76회,심화,50,3,4.5,광무개혁,(다) - 장문휴를 보내 당의 산둥반도를 공격하였다.,X,발해 무왕
76회,심화,50,3,4.5,광무개혁,(라) - 노비안검법을 시행하여 호족 세력을 견제하였다.,X,고려 광종
76회,심화,50,3,4.5,광무개혁,(마) - 전제 군주제를 명문화한 대한국 국제를 반포하였다.,O,광무개혁
75회,심화,1,1,1.5,청동기 시대,주먹도끼 등 뗀석기를 처음 제작하였다.,X,구석기 시대
75회,심화,1,1,1.5,청동기 시대,소를 이용한 깊이갈이가 널리 보급되었다.,X,신라 지증왕
75회,심화,1,1,1.5,청동기 시대,주로 강가의 동굴이나 막집에 거주하였다.,X,구석기 시대
75회,심화,1,1,1.5,청동기 시대,많은 인력을 동원하여 고인돌을 축조하였다.,O,청동기 시대
75회,심화,1,1,1.5,청동기 시대,가락바퀴를 이용하여 실을 뽑기 시작하였다.,X,신석기 시대
75회,심화,2,2,3,고조선,위만이 왕위를 찬탈하였다.,O,고조선
75회,심화,2,2,3,고조선,이사부가 우산국을 복속시켰다.,X,신라 지증왕
75회,심화,2,2,3,고조선,온조가 위례성에 도읍을 정하였다.,X,백제
75회,심화,2,2,3,고조선,관구검이 환도성을 침략하여 함락하였다.,X,고구려
75회,심화,2,2,3,고조선,미천왕이 서안평을 공격하여 영토를 넓혔다.,X,고구려 미천왕
75회,심화,4,2,3,가야,신라 진흥왕에 의해 복속되었다.,O,가야
75회,심화,4,2,3,가야,광평성 등의 정치 기구를 마련하였다.,X,궁예
75회,심화,4,2,3,가야,화백 회의를 통해 국정을 운영하였다.,X,신라
75회,심화,4,2,3,가야,대가들이 사자 조의 선인을 거느렸다.,X,고구려
75회,심화,4,2,3,가야,박 석 김의 3성이 교대로 왕위를 계승하였다.,X,신라
75회,심화,5,2,3,고구려,수도에 동시전이 설치되었다.,X,신라 지증왕
75회,심화,5,2,3,고구려,집집마다 부경이라는 창고가 있었다.,O,고구려
75회,심화,5,2,3,고구려,금속 화폐인 건원중보가 주조되었다.,X,고려 화폐
75회,심화,5,2,3,고구려,솔빈부의 말이 특산품으로 수출되었다.,X,발해
75회,심화,5,2,3,고구려,곡물을 대여하고 이자를 받은 내용을 좌관대식기에 남겼다.,X,백제
75회,심화,6,2,3,신라 하대,김흠돌의 난이 진압되었어요.,X,신라 신문왕
75회,심화,6,2,3,신라 하대,만적이 개경에서 봉기를 도모하였어요.,X,만적의 난
75회,심화,6,2,3,신라 하대,관료전이 지급되고 녹읍이 폐지되었어요.,X,신라 신문왕
75회,심화,6,2,3,신라 하대,김헌창이 웅천주에서 반란을 일으켰어요.,O,신라 하대
75회,심화,6,2,3,신라 하대,이차돈의 순교를 계기로 불교가 공인되었어요.,X,신라 법흥왕
75회,심화,7,3,4.5,고구려,을지문덕이 살수에서 대승을 거두었다.,X,살수대첩
75회,심화,7,3,4.5,고구려,고구려가 신라에 침입한 왜를 물리쳤다.,X,광개토대왕
75회,심화,7,3,4.5,고구려,김무력이 관산성에서 백제군을 격파하였다.,X,백제 성왕
75회,심화,7,3,4.5,고구려,연개소문이 정변을 일으켜 권력을 장악하였다.,O,고구려
75회,심화,7,3,4.5,고구려,백제가 평양성을 공격하여 고구려 왕이 전사하였다.,X,백제 근초고왕
75회,심화,8,2,3,발해,골품에 따라 관등 승진을 제한하였다.,X,신라
75회,심화,8,2,3,발해,주자감을 설치하여 인재를 양성하였다.,O,발해
75회,심화,8,2,3,발해,내신좌평 등 6좌평의 관제를 정비하였다.,X,백제
75회,심화,8,2,3,발해,국경 지역인 양계에 병마사를 파견하였다.,X,고려
75회,심화,8,2,3,발해,상수리 제도를 통해 지방 세력을 견제하였다.,X,통일신라
75회,심화,9,2,3,백제 사비기,정약전이 자산어보를 저술한 곳을 알아본다.,X,조선 후기 사회
75회,심화,9,2,3,백제 사비기,비담과 염종이 반란을 일으킨 곳을 찾아본다.,X,신라 선덕여왕
75회,심화,9,2,3,백제 사비기,성왕이 새로운 도읍지로 정한 곳을 검색한다.,O,백제 사비기
75회,심화,9,2,3,백제 사비기,윤충이 의자왕의 명을 받아 함락시킨 곳을 확인한다.,X,백제
75회,심화,9,2,3,백제 사비기,신립이 배수의 진을 치고 왜군과 맞선 곳을 답사한다.,X,임진왜란
75회,심화,10,3,4.5,후백제 견훤,신숭겸이 공산 전투에서 전사하였다.,O,고려 태조
75회,심화,10,3,4.5,후백제 견훤,안승이 보덕국의 왕으로 책봉되었다.,X,신라 문무왕
75회,심화,10,3,4.5,후백제 견훤,흑치상지가 임존성에서 군사를 일으켰다.,X,삼국 통일 과정
75회,심화,10,3,4.5,후백제 견훤,최치원이 왕에게 시무 10여 조를 건의하였다.,X,신라 하대
75회,심화,10,3,4.5,후백제 견훤,왕건이 일리천 전투에서 신검에게 승리하였다.,X,고려 태조
75회,심화,11,2,3,고려 성종,광덕 준풍 등의 독자적 연호를 사용하였다.,X,고려 광종
75회,심화,11,2,3,고려 성종,신돈을 중심으로 전민변정 사업을 추진하였다.,X,고려 공민왕
75회,심화,11,2,3,고려 성종,청연각과 보문각을 두어 학문 연구를 장려하였다.,X,고려 예종
75회,심화,11,2,3,고려 성종,정계와 계백료서를 지어 관리의 규범을 제시하였다.,X,고려 태조
75회,심화,11,2,3,고려 성종,최승로의 시무 28조를 받아들여 통치 체제를 정비하였다.,O,고려 성종
75회,심화,12,1,1.5,몽골 침입,윤관을 보내 동북 9성을 개척하였다.,X,여진 대응
75회,심화,12,1,1.5,몽골 침입,상비군으로 구성된 훈련도감을 설치하였다.,X,임진왜란
75회,심화,12,1,1.5,몽골 침입,박위로 하여금 쓰시마섬을 정벌하게 하였다.,X,화통도감
75회,심화,12,1,1.5,몽골 침입,서희를 파견하여 소손녕과 외교 담판을 벌였다.,X,거란 1차 침입
75회,심화,12,1,1.5,몽골 침입,대장도감을 설치하여 팔만대장경을 간행하였다.,O,몽골 침입
75회,심화,13,2,3,최충,불씨잡변을 지어 불교를 비판하였습니다.,X,정도전
75회,심화,13,2,3,최충,만권당에서 원의 학자들과 교유하였습니다.,X,고려 충선왕
75회,심화,13,2,3,최충,지공거 출신으로 9재 학당을 설립하였습니다.,O,최충
75회,심화,13,2,3,최충,입학도설을 저술하여 성리학의 기본 원리를 해설하였습니다.,X,고려 우왕
75회,심화,13,2,3,최충,성균관의 대사성이 되어 정몽주 등을 학관으로 천거하였습니다.,X,고려 공민왕
75회,심화,15,2,3,위화도 회군,김사미가 운문을 거점으로 봉기하였어요.,X,김사미·효심의 난
75회,심화,15,2,3,위화도 회군,강감찬이 흥화진 전투에서 승리하였어요.,X,거란 2차 침입
75회,심화,15,2,3,위화도 회군,후주 출신 쌍기가 과거제 도입을 건의하였어요.,X,고려 광종
75회,심화,15,2,3,위화도 회군,최충헌이 교정도감을 두어 국정을 총괄하였어요.,X,최충헌
75회,심화,15,2,3,위화도 회군,이성계가 위화도에서 회군하여 정권을 장악하였어요.,O,위화도 회군
75회,심화,16,2,3,고려,청해진을 설치하여 해상 무역을 전개하였다.,X,통일신라
75회,심화,16,2,3,고려,재정 문제를 해결하기 위한 당백전이 발행되었다.,X,흥선대원군
75회,심화,16,2,3,고려,계해약조가 체결되어 세견선의 입항이 허가되었다.,X,조선 세종
75회,심화,16,2,3,고려,육의전을 제외한 시전 상인의 금난전권이 폐지되었다.,X,조선 정조
75회,심화,16,2,3,고려,예성강 하구의 벽란도가 국제 무역항으로 번성하였다.,O,고려
75회,심화,17,1,1.5,직지심체요절,의약학의 발전과 향약집성방의 편찬,X,조선 세종
75회,심화,17,1,1.5,직지심체요절,100리 척의 사용과 동국지도의 제작,X,정상기
75회,심화,17,1,1.5,직지심체요절,기하학적 원리와 경주 석굴암의 조성,X,통일신라
75회,심화,17,1,1.5,직지심체요절,금속활자 기술과 직지심체요절의 간행,O,직지심체요절
75회,심화,17,1,1.5,직지심체요절,농업 기술의 발달과 임원경제지의 저술,X,조선 후기 사회
75회,심화,19,2,3,조선 태종,제1차 왕자의 난이 일어난 이유를 찾아본다.,O,조선 태종
75회,심화,19,2,3,조선 태종,수양대군이 정권을 장악하는 과정을 조사한다.,X,조선 세조
75회,심화,19,2,3,조선 태종,사림이 동인과 서인으로 나뉘게 된 계기를 파악한다.,X,조선 선조
75회,심화,19,2,3,조선 태종,폐모살제 등을 구실로 반정을 일으킨 세력을 검색한다.,X,광해군
75회,심화,19,2,3,조선 태종,허적과 윤휴 등 남인이 대거 축출되는 사건을 알아본다.,X,조선 숙종
75회,심화,20,2,3,사헌부,수도의 행정과 치안을 담당하였다.,X,한성부
75회,심화,20,2,3,사헌부,을묘왜변을 계기로 상설 기구화되었다.,X,비변사
75회,심화,20,2,3,사헌부,서얼 출신 학자들이 검서관에 등용되었다.,X,규장각
75회,심화,20,2,3,사헌부,역사서를 편찬하고 사고에 보관하는 일을 맡았다.,X,춘추관
75회,심화,20,2,3,사헌부,대사헌을 수장으로 집의 장령 등의 관직을 두었다.,O,사헌부
75회,심화,21,2,3,4군 6진,사신 접대를 위해 한성에 동평관을 두었다.,X,조선 태종
75회,심화,21,2,3,4군 6진,두만강 일대를 개척하여 6진을 설치하였다.,O,4군 6진
75회,심화,21,2,3,4군 6진,강화도로 도읍을 옮겨 장기 항전을 준비하였다.,X,몽골 침입
75회,심화,21,2,3,4군 6진,철령위 설치에 반발하여 요동 정벌을 추진하였다.,X,위화도 회군
75회,심화,21,2,3,4군 6진,신기군 신보군 항마군 등으로 구성된 별무반을 조직하였다.,X,여진 대응
75회,심화,22,3,4.5,조선 명종,자의 대비의 복상 문제로 예송이 일어났다.,X,조선 효종
75회,심화,22,3,4.5,조선 명종,외척 간의 권력 다툼으로 윤임이 제거되었다.,O,조선 명종
75회,심화,22,3,4.5,조선 명종,세자 책봉 문제를 계기로 정철이 유배되었다.,X,조선 선조
75회,심화,22,3,4.5,조선 명종,희빈 장씨 소생의 원자 책봉 문제로 환국이 발생하였다.,X,조선 숙종
75회,심화,22,3,4.5,조선 명종,폐비 윤씨 사사 사건의 전말이 알려져 김굉필 등이 처형되었다.,X,연산군
75회,심화,23,2,3,병자호란,송상현이 동래성에서 항전하였다.,X,임진왜란
75회,심화,23,2,3,병자호란,김준룡이 광교산 전투에서 승리하였다.,O,병자호란
75회,심화,23,2,3,병자호란,이괄의 반란 세력이 도성을 장악하였다.,X,이괄의 난
75회,심화,23,2,3,병자호란,강홍립 부대가 사르후 전투에 참전하였다.,X,광해군
75회,심화,23,2,3,병자호란,신류가 조총 부대를 이끌고 흑룡강에서 전투를 벌였다.,X,조선 효종
75회,심화,24,2,3,조선 영조,경기도에 한하여 대동법을 시행하였다.,X,대동법
75회,심화,24,2,3,조선 영조,수도 방어를 위하여 금위영을 창설하였다.,X,조선 숙종
75회,심화,24,2,3,조선 영조,탕평 교서를 반포하고 탕평비를 건립하였다.,O,조선 영조
75회,심화,24,2,3,조선 영조,문신을 재교육하기 위한 초계문신제를 실시하였다.,X,조선 정조
75회,심화,24,2,3,조선 영조,통치 체제를 정비하기 위해 대전회통을 편찬하였다.,X,흥선대원군
75회,심화,25,1,1.5,조선 정조,세책가에서 춘향전을 빌리는 부녀자,O,조선 후기 사회
75회,심화,25,1,1.5,조선 정조,동국정운을 편찬하는 집현전의 학자,X,조선 세종
75회,심화,25,1,1.5,조선 정조,주자소에서 계미자를 제작하는 장인,X,조선 태종
75회,심화,25,1,1.5,조선 정조,형평사 창립 대회 개최를 취재하는 기자,X,형평 운동
75회,심화,25,1,1.5,조선 정조,시전의 상행위를 감독하는 경시서의 관리,X,한성부
75회,심화,26,2,3,조선 정조,염포의 왜관을 통해 일본과 교역하였다.,O,조선 세종
75회,심화,26,2,3,조선 정조,상평통보를 발행하여 화폐로 사용하였다.,X,조선 후기 경제
75회,심화,26,2,3,조선 정조,관청에 물품을 조달하는 공인이 활동하였다.,X,대동법
75회,심화,26,2,3,조선 정조,송상 만상이 대청 무역으로 부를 축적하였다.,X,조선 후기 경제
75회,심화,26,2,3,조선 정조,덕대가 물주에게 자금을 받아 광산을 경영하였다.,X,조선 후기 경제
75회,심화,27,2,3,조선 순조,오페르트가 남연군 묘 도굴을 시도하였다.,X,오페르트 사건
75회,심화,27,2,3,조선 순조,이만손이 주도하여 영남 만인소를 올렸다.,X,조선책략
75회,심화,27,2,3,조선 순조,이시애가 길주를 근거지로 난을 일으켰다.,X,조선 세조
75회,심화,27,2,3,조선 순조,홍경래 등이 봉기하여 정주성을 점령하였다.,O,홍경래의 난
75회,심화,27,2,3,조선 순조,곽재우 고경명 등이 의병장으로 활약하였다.,X,임진왜란
75회,심화,28,2,3,갑신정변,개혁 추진 기구로 교정청이 설치되었다.,X,갑오개혁
75회,심화,28,2,3,갑신정변,전개 과정에서 홍범 14조가 반포되었다.,X,갑오개혁
75회,심화,28,2,3,갑신정변,통리기무아문이 신설되는 배경이 되었다.,X,통리기무아문
75회,심화,28,2,3,갑신정변,김기수가 수신사로 파견되는 결과를 가져왔다.,X,강화도 조약
75회,심화,28,2,3,갑신정변,청일 간에 톈진 조약이 체결되는 계기가 되었다.,O,갑신정변
75회,심화,29,1,1.5,동학 농민 운동,포접제를 활용하여 교세를 확장하였다.,O,동학 농민 운동
75회,심화,29,1,1.5,동학 농민 운동,배재 학당을 세워 신학문 보급에 앞장섰다.,X,근대 교육 기관
75회,심화,29,1,1.5,동학 농민 운동,박중빈을 중심으로 새생활 운동을 추진하였다.,X,일제강점기 사회상
75회,심화,29,1,1.5,동학 농민 운동,일제의 통제에 맞서 사찰령 폐지 운동을 벌였다.,X,1920년대 사회운동
75회,심화,29,1,1.5,동학 농민 운동,의민단을 조직하여 항일 무장 투쟁을 전개하였다.,X,의열단
75회,심화,30,3,4.5,러일전쟁,고종이 아관 파천을 단행하였다.,X,광무개혁
75회,심화,30,3,4.5,러일전쟁,일본이 독도를 불법 편입하였다.,O,러일전쟁
75회,심화,30,3,4.5,러일전쟁,러시아가 절영도 조차를 요구하였다.,X,대한제국 시기
75회,심화,30,3,4.5,러일전쟁,조청 상민 수륙 무역 장정을 체결하였다.,X,조청상민수륙무역장정
75회,심화,30,3,4.5,러일전쟁,평양 관민이 대동강에 침입한 제너럴 셔먼호를 불태웠다.,X,흥선대원군
75회,심화,31,3,4.5,최익현,고종의 밀지를 받아 독립 의군부를 조직하였다.,X,독립의군부
75회,심화,31,3,4.5,최익현,도쿄에서 일왕이 탄 마차를 향해 폭탄을 던졌다.,X,한인 애국단
75회,심화,31,3,4.5,최익현,을사늑약이 체결되자 태인에서 의병을 일으켰다.,O,최익현
75회,심화,31,3,4.5,최익현,명동 성당 앞에서 이완용을 습격하여 중상을 입혔다.,X,정미의병
75회,심화,31,3,4.5,최익현,13도 창의군을 지휘하여 서울 진공 작전을 전개하였다.,X,정미의병
75회,심화,32,2,3,보안회,독립 협회 - 고종 강제 퇴위 반대 운동을 전개하였다.,X,대한자강회
75회,심화,32,2,3,보안회,보안회 - 일제의 황무지 개간권 요구를 저지시켰다.,O,보안회
75회,심화,32,2,3,보안회,헌정 연구회 - 일제가 조작한 105인 사건으로 와해되었다.,X,신민회
75회,심화,32,2,3,보안회,대한 자강회 - 대성 학교를 설립하여 민족 교육을 실시하였다.,X,신민회
75회,심화,32,2,3,보안회,신민회 - 조소앙의 삼균주의를 기초로 건국 강령을 발표하였다.,X,대한민국 임시정부
75회,심화,33,1,1.5,안중근,샌프란시스코에서 흥사단을 창립하였다.,X,흥사단
75회,심화,33,1,1.5,안중근,황준헌이 쓴 조선책략을 국내에 들여왔다.,X,조선책략
75회,심화,33,1,1.5,안중근,초대 통감이었던 이토 히로부미를 사살하였다.,O,안중근
75회,심화,33,1,1.5,안중근,유만수 등과 함께 부민관 폭파 의거를 일으켰다.,X,민족말살통치기
75회,심화,33,1,1.5,안중근,국권 피탈 과정을 정리한 한국통사를 저술하였다.,X,박은식
75회,심화,34,2,3,1910년대 통치,미쓰야 협정이 체결되었다.,X,미쓰야 협정
75회,심화,34,2,3,1910년대 통치,조선 사상범 예방 구금령이 제정되었다.,X,민족말살통치기
75회,심화,34,2,3,1910년대 통치,박문국이 설치되어 한성순보를 발행하였다.,X,박문국
75회,심화,34,2,3,1910년대 통치,황국 중앙 총상회가 상권 수호 운동을 주도하였다.,X,황국 중앙 총상회
75회,심화,34,2,3,1910년대 통치,회사 설립 시 총독의 허가를 받도록 하는 회사령이 시행되었다.,O,회사령
75회,심화,35,2,3,1920년대 사회운동,영선사 일행으로 청에 가는 생도,X,통리기무아문
75회,심화,35,2,3,1920년대 사회운동,경성 제국 대학에서 공부하는 학생,O,1920년대 사회운동
75회,심화,35,2,3,1920년대 사회운동,국채 보상 운동의 모금에 참여하는 상인,X,국채 보상 운동
75회,심화,35,2,3,1920년대 사회운동,육영 공원에서 영어를 가르치는 미국인 교사,X,육영공원
75회,심화,35,2,3,1920년대 사회운동,전차 개통식에 참여하는 한성 전기 회사 직원,X,한성 전기 회사
75회,심화,36,1,1.5,3·1 운동,간도 참변으로 민간인이 학살되었다.,X,청산리 전투
75회,심화,36,1,1.5,3·1 운동,민영익을 대표로 한 보빙사가 파견되었다.,X,조미수호통상조약
75회,심화,36,1,1.5,3·1 운동,대한 제국의 마지막 황제 순종이 서거하였다.,X,6·10 만세 운동
75회,심화,36,1,1.5,3·1 운동,언론사의 주도로 브나로드 운동이 전개되었다.,X,브나로드 운동
75회,심화,36,1,1.5,3·1 운동,미국 대통령 윌슨이 민족 자결주의를 제창하였다.,O,3·1 운동
75회,심화,37,2,3,대한광복회,군대식 조직을 갖춘 비밀 결사였다.,O,대한광복회
75회,심화,37,2,3,대한광복회,정우회 선언의 영향으로 결성되었다.,X,신간회
75회,심화,37,2,3,대한광복회,조선 혁명 선언을 활동 지침으로 삼았다.,X,의열단
75회,심화,37,2,3,대한광복회,중국군과 함께 영릉가 전투에서 큰 전과를 올렸다.,X,조선혁명군
75회,심화,37,2,3,대한광복회,만민 공동회를 열어 열강의 이권 침탈을 비판하였다.,X,독립협회
75회,심화,39,2,3,숭무 학교,한인 자치 기구인 경학사를 조직하였다.,X,신민회
75회,심화,39,2,3,숭무 학교,권업회를 조직하고 권업신문을 발간하였다.,X,대한 광복군 정부
75회,심화,39,2,3,숭무 학교,중광단을 결성하여 항일 투쟁을 전개하였다.,X,중광단
75회,심화,39,2,3,숭무 학교,숭무 학교를 설립하여 독립군을 양성하였다.,O,숭무 학교
75회,심화,39,2,3,숭무 학교,유학생들이 중심이 되어 2·8 독립 선언서를 발표하였다.,X,2·8 독립 선언
75회,심화,40,3,4.5,암태도 소작쟁의,양전 사업이 실시되어 지계가 발급되었어요.,X,광무개혁
75회,심화,40,3,4.5,암태도 소작쟁의,함경도와 황해도에서 방곡령이 선포되었어요.,X,강화도 조약
75회,심화,40,3,4.5,암태도 소작쟁의,전국 단위 조직인 조선 농민 총동맹이 결성되었어요.,O,1920년대 사회운동
75회,심화,40,3,4.5,암태도 소작쟁의,일본의 토지 침탈에 맞서 농광 회사가 설립되었어요.,X,농광 회사
75회,심화,40,3,4.5,암태도 소작쟁의,기한 내에 소유지를 신고하게 하는 토지 조사령을 제정하였어요.,X,토지조사사업
75회,심화,41,3,4.5,조선어학회,최초로 한글에 띄어쓰기를 도입하였다.,X,독립신문
75회,심화,41,3,4.5,조선어학회,국어 문법서인 대한문전을 편찬하였다.,X,대한제국 시기
75회,심화,41,3,4.5,조선어학회,태극 서관을 설립하여 서적을 보급하였다.,X,신민회
75회,심화,41,3,4.5,조선어학회,조선말(우리말) 큰 사전 편찬을 추진하였다.,O,조선어학회
75회,심화,41,3,4.5,조선어학회,국문 연구소를 두어 한글을 체계적으로 연구하였다.,X,국문연구소
75회,심화,42,1,1.5,일제강점기 사회상,나운규의 영화 아리랑이 상영되었습니다.,O,영화 아리랑
75회,심화,42,1,1.5,일제강점기 사회상,한글 신문인 제국신문이 간행되었습니다.,X,대한제국 시기
75회,심화,42,1,1.5,일제강점기 사회상,정비석의 소설 자유부인이 출판되었습니다.,X,1950년대 경제
75회,심화,42,1,1.5,일제강점기 사회상,잡지 사상계가 높은 판매 부수를 기록하였습니다.,X,1950년대 경제
75회,심화,42,1,1.5,일제강점기 사회상,아침 이슬 등의 곡이 금지곡으로 지정되었습니다.,X,박정희 정부
75회,심화,43,2,3,광복군 창설,청산리에서 일본군에 맞서 승리를 거두었다.,X,청산리 전투
75회,심화,43,2,3,광복군 창설,미국과 연계하여 국내 진공 작전을 준비하였다.,O,광복군 창설
75회,심화,43,2,3,광복군 창설,동북 항일 연군으로 개편되어 유격전을 전개하였다.,X,동북 항일 연군
75회,심화,43,2,3,광복군 창설,쌍성보 대전자령 전투 등에서 일본군에 승리하였다.,X,한국독립군
75회,심화,43,2,3,광복군 창설,중국 관내(關內)에서 결성된 최초의 한인 무장 부대였다.,X,조선의용대
75회,심화,44,1,1.5,민족말살통치기,언론을 통제하기 위하여 신문지법을 제정하였다.,X,대한제국 시기
75회,심화,44,1,1.5,민족말살통치기,애국반을 조직하여 한국인의 생활을 통제하였다.,O,민족말살통치기
75회,심화,44,1,1.5,민족말살통치기,경복궁에서 최초로 조선 물산 공진회를 개최하였다.,X,조선 물산 공진회
75회,심화,44,1,1.5,민족말살통치기,재정 고문 메가타의 주도 아래 화폐 정리 사업을 실시하였다.,X,화폐 정리 사업
75회,심화,44,1,1.5,민족말살통치기,보통학교의 수업 연한을 4년으로 규정한 제1차 조선 교육령을 시행하였다.,X,1910년대 통치
75회,심화,45,3,4.5,5·10 총선거,모스크바 3국 외상 회의가 개최되었다.,X,모스크바 3국 외상회의
75회,심화,45,3,4.5,5·10 총선거,송진우 김성수 등이 한국 민주당을 창당하였다.,X,5·10 총선거
75회,심화,45,3,4.5,5·10 총선거,좌우 합작 위원회에서 좌우 합작 7원칙을 발표하였다.,X,여운형
75회,심화,45,3,4.5,5·10 총선거,우리나라 최초의 보통 선거인 5·10 총선거가 실시되었다.,O,5·10 총선거
75회,심화,45,3,4.5,5·10 총선거,여운형이 중심이 되어 조선 건국 준비 위원회를 조직하였다.,X,여운형
75회,심화,46,2,3,이승만 정부,경부 고속 도로가 개통되었다.,X,박정희 정부 경제
75회,심화,46,2,3,이승만 정부,한미 상호 방위 조약이 체결되었다.,O,한미 상호 방위 조약
75회,심화,46,2,3,이승만 정부,함평 고구마 피해 보상 운동이 전개되었다.,X,박정희 정부
75회,심화,46,2,3,이승만 정부,대통령 긴급 명령으로 금융 실명제가 실시되었다.,X,김영삼 정부
75회,심화,46,2,3,이승만 정부,사회 정화를 명분으로 삼청 교육대가 설치되었다.,X,전두환 정부
75회,심화,47,2,3,박정희 정부,부천 경찰서 성 고문 사건이 발생하였다.,X,전두환 정부
75회,심화,47,2,3,박정희 정부,정부에 비판적인 경향신문이 폐간되었다.,X,이승만 정부
75회,심화,47,2,3,박정희 정부,최저 임금 결정을 위한 최저 임금 위원회가 설치되었다.,X,전두환 정부
75회,심화,47,2,3,박정희 정부,자치 단체장까지 선출하는 지방 자치제가 전면 시행되었다.,X,김영삼 정부
75회,심화,47,2,3,박정희 정부,긴급 조치 철폐 등을 요구하는 3·1 민주 구국 선언이 발표되었다.,O,박정희 정부
75회,심화,48,1,1.5,6월 민주항쟁,유신 체제 붕괴의 배경이 되었다.,X,부마민주항쟁
75회,심화,48,1,1.5,6월 민주항쟁,당시 대통령이 하야하는 결과를 가져왔다.,X,4·19 혁명
75회,심화,48,1,1.5,6월 민주항쟁,5년 단임의 대통령 직선제 개헌을 이끌어냈다.,O,6월 민주항쟁
75회,심화,48,1,1.5,6월 민주항쟁,시위 과정에서 시민군이 자발적으로 조직되었다.,X,5·18 광주민주화운동
75회,심화,48,1,1.5,6월 민주항쟁,굴욕적인 한일 국교 정상화에 반대하여 일어났다.,X,6·3 시위
75회,심화,49,3,4.5,김영삼 정부,칠레와의 자유 무역 협정(FTA)이 체결되었다.,X,노무현 정부
75회,심화,49,3,4.5,김영삼 정부,처음으로 연간 수출액 100억 달러가 달성되었다.,X,박정희 정부 경제
75회,심화,49,3,4.5,김영삼 정부,서울과 평양에서 7·4 남북 공동 성명이 발표되었다.,X,박정희 정부 통일
75회,심화,49,3,4.5,김영삼 정부,북방 외교를 추진하여 사회주의 국가인 소련과 수교하였다.,X,노태우 정부 통일
75회,심화,49,3,4.5,김영삼 정부,거창 사건 등 관련자의 명예 회복에 관한 특별 조치법이 제정되었다.,O,김영삼 정부
75회,심화,50,2,3,제주 4·3 사건,원종과 애노가 봉기한 곳을 검색한다.,X,신라 하대
75회,심화,50,2,3,제주 4·3 사건,외규장각 도서의 약탈 과정을 조사한다.,X,병인양요
75회,심화,50,2,3,제주 4·3 사건,강주룡이 고공 시위를 전개한 장소를 알아본다.,X,1920년대 사회운동
75회,심화,50,2,3,제주 4·3 사건,김만덕이 흉년에 굶주린 백성을 구제한 기록을 살펴본다.,O,조선 후기 사회
75회,심화,50,2,3,제주 4·3 사건,러시아의 남하를 견제한다는 구실로 영국군이 점령한 지역을 찾아본다.,X,거문도 사건
74회,심화,1,1,1.5,신석기 시대,목책과 환호 등 방어 시설을 갖추었다.,X,청동기 시대
74회,심화,1,1,1.5,신석기 시대,소를 이용한 깊이갈이가 일반화되었다.,X,신라 지증왕
74회,심화,1,1,1.5,신석기 시대,농경과 목축을 통해 식량을 생산하였다.,O,신석기 시대
74회,심화,1,1,1.5,신석기 시대,지배층의 무덤으로 고인돌을 축조하였다.,X,청동기 시대
74회,심화,1,1,1.5,신석기 시대,거푸집을 이용하여 세형 동검을 제작하였다.,X,철기 시대
74회,심화,2,2,3,고조선,여러 가(加)들이 사출도를 다스렸다.,X,삼한/부여
74회,심화,2,2,3,고조선,동맹이라는 제천 행사를 개최하였다.,X,고구려
74회,심화,2,2,3,고조선,민며느리제라는 혼인 풍습이 있었다.,X,옥저
74회,심화,2,2,3,고조선,읍락 간의 경계를 중시하는 책화가 있었다.,X,동예
74회,심화,2,2,3,고조선,왕 아래 상 대부 장군 등의 관직을 두었다.,O,고조선
74회,심화,3,2,3,고구려,녹과전을 지급받는 관리,X,고려 후기
74회,심화,3,2,3,고구려,경당에서 수련하는 청년,O,고구려
74회,심화,3,2,3,고구려,팔만대장경판을 만드는 장인,X,몽골 침입
74회,심화,3,2,3,고구려,지방의 22담로에 파견되는 왕족,X,백제 무령왕
74회,심화,3,2,3,고구려,황룡사 구층 목탑의 축조를 건의하는 승려,X,신라 선덕여왕
74회,심화,4,3,4.5,신라 진흥왕,백제가 국호를 남부여로 고쳤다.,X,백제 성왕
74회,심화,4,3,4.5,신라 진흥왕,진흥왕이 대가야를 공격하여 복속시켰다.,O,신라 진흥왕
74회,심화,4,3,4.5,신라 진흥왕,계백이 이끈 결사대가 황산벌에서 패배하였다.,X,황산벌 전투
74회,심화,4,3,4.5,신라 진흥왕,김춘추가 당으로 건너가 군사 동맹을 체결하였다.,X,삼국 통일 과정
74회,심화,4,3,4.5,신라 진흥왕,신라가 한강 하류를 차지하여 신주를 설치하였다.,X,신라 진흥왕
74회,심화,5,2,3,백제,일길찬 사찬 등의 관등이 있었다.,X,신라
74회,심화,5,2,3,백제,지방 장관으로 욕살 처려근지 등이 있었다.,X,고구려
74회,심화,5,2,3,백제,특산물로 단궁 과하마 반어피가 유명하였다.,X,동예
74회,심화,5,2,3,백제,사회 질서를 유지하기 위해 범금 8조를 두었다.,X,고조선
74회,심화,5,2,3,백제,왕족인 부여씨와 8성 귀족이 지배층을 이루었다.,O,백제
74회,심화,6,3,4.5,신라 문무왕,이사부를 보내 우산국을 복속하였다.,X,신라 지증왕
74회,심화,6,3,4.5,신라 문무왕,건원이라는 독자적 연호를 사용하였다.,X,신라 법흥왕
74회,심화,6,3,4.5,신라 문무왕,관료전을 지급하고 녹읍을 폐지하였다.,X,신라 신문왕
74회,심화,6,3,4.5,신라 문무왕,거칠부에게 명하여 국사를 편찬하였다.,X,신라 진흥왕
74회,심화,6,3,4.5,신라 문무왕,지방관을 감찰하고자 외사정을 파견하였다.,O,신라 문무왕
74회,심화,7,2,3,발해,왜에 칠지도를 만들어 보냈다.,X,백제 근초고왕
74회,심화,7,2,3,발해,9서당 10정의 군사 조직을 운영하였다.,X,통일신라
74회,심화,7,2,3,발해,광평성을 비롯한 각종 정치 기구를 마련하였다.,X,궁예
74회,심화,7,2,3,발해,제사장인 천군과 신성 지역인 소도가 존재하였다.,X,삼한/부여
74회,심화,7,2,3,발해,서적 관리 주요 문서 작성 등을 위해 문적원을 두었다.,O,발해
74회,심화,8,2,3,신라 하대,하늘에 제사 지내는 초제를 거행하였다.,X,고려
74회,심화,8,2,3,신라 하대,참선과 수행을 통한 깨달음을 강조하였다.,O,신라 하대
74회,심화,8,2,3,신라 하대,시경 서경 역경 등을 주요 경전으로 삼았다.,X,통일신라
74회,심화,8,2,3,신라 하대,신선 사상을 기반으로 불로장생을 추구하였다.,X,고려
74회,심화,8,2,3,신라 하대,인내천 사상을 내세워 인간 평등을 주장하였다.,X,동학 농민 운동
74회,심화,9,1,1.5,장보고,화왕계를 지어 국왕에게 바치다,X,통일신라
74회,심화,9,1,1.5,장보고,산둥반도에 적산 법화원을 창건하다,O,장보고
74회,심화,9,1,1.5,장보고,외교 문서인 청방인문표를 작성하다,X,신라 하대
74회,심화,9,1,1.5,장보고,격황소서를 지어 세상에 이름을 떨치다,X,신라 하대
74회,심화,9,1,1.5,장보고,구법순례기인 왕오천축국전을 저술하다,X,혜초
74회,심화,10,2,3,고려 태조,안승이 보덕국왕으로 임명되었다.,X,신라 문무왕
74회,심화,10,2,3,고려 태조,신숭겸이 공산 전투에서 전사하였다.,X,고려 태조
74회,심화,10,2,3,고려 태조,원종과 애노가 사벌주에서 반란을 일으켰다.,X,신라 하대
74회,심화,10,2,3,고려 태조,왕건이 일리천에서 신검의 군대를 물리쳤다.,O,고려 태조
74회,심화,10,2,3,고려 태조,견훤이 고창 전투에서 고려군에게 패배하였다.,X,후백제 견훤
74회,심화,11,1,1.5,고려 광종,폐정 개혁을 목표로 정치도감을 설치하였다.,X,고려 후기
74회,심화,11,1,1.5,고려 광종,광덕 준풍이라는 독자적 연호를 사용하였다.,O,고려 광종
74회,심화,11,1,1.5,고려 광종,예의상정소에서 상정고금예문을 편찬하였다.,X,고려 후기
74회,심화,11,1,1.5,고려 광종,전국에 12목을 설치하고 지방관을 파견하였다.,X,고려 성종
74회,심화,11,1,1.5,고려 광종,관리에게 등급에 따라 전지와 시지를 지급하였다.,X,전시과
74회,심화,12,2,3,거란 1차 침입,묘청이 칭제 건원을 주장하였다.,X,이자겸/묘청
74회,심화,12,2,3,거란 1차 침입,강감찬이 흥화진 전투에서 승리하였다.,X,거란 2차 침입
74회,심화,12,2,3,거란 1차 침입,서희의 활약으로 강동 6주를 획득하였다.,O,서희
74회,심화,12,2,3,거란 1차 침입,최우가 강화도로 도읍을 옮겨 항전하였다.,X,몽골 침입
74회,심화,12,2,3,거란 1차 침입,윤관이 별무반을 이끌고 동북 9성을 개척하였다.,X,여진 대응
74회,심화,15,2,3,고려 예종,서얼이 통청 운동을 전개하였다.,X,조선 후기 사회
74회,심화,15,2,3,고려 예종,사창절목에 따라 사창제가 시행되었다.,X,흥선대원군
74회,심화,15,2,3,고려 예종,왕조 교체를 예언하는 정감록이 유포되었다.,X,조선 후기 사회
74회,심화,15,2,3,고려 예종,병자에게 약을 지급하는 혜민국이 설치되었다.,O,고려 예종
74회,심화,15,2,3,고려 예종,국산 약재와 치료 방법을 정리한 향약집성방이 간행되었다.,X,조선 세종
74회,심화,16,2,3,지눌,법화 신앙에 중점을 둔 백련 결사를 이끌었다.,X,요세
74회,심화,16,2,3,지눌,돈오점수를 바탕으로 꾸준한 수행을 강조하였다.,O,지눌
74회,심화,16,2,3,지눌,승려들의 전기를 기록한 해동고승전을 저술하였다.,X,고려 후기
74회,심화,16,2,3,지눌,선문염송집을 편찬하고 유불 일치설을 주장하였다.,X,혜심
74회,심화,16,2,3,지눌,성상융회를 제창하여 교종 내 대립을 해소하고자 하였다.,X,균여
74회,심화,17,1,1.5,고려 후기,농상집요를 소개하는 관리,O,고려 후기
74회,심화,17,1,1.5,고려 후기,흑창에서 곡식을 빌리는 농민,X,고려 태조
74회,심화,17,1,1.5,고려 후기,사섬서에서 저화를 발행하는 장인,X,조선 태종
74회,심화,17,1,1.5,고려 후기,선혜청에서 공가(貢價)를 받는 상인,X,광해군
74회,심화,17,1,1.5,고려 후기,상평통보로 물건을 거래하는 보부상,X,조선 후기 경제
74회,심화,20,2,3,조선 세조,간경도감이 설치되었다.,O,조선 세조
74회,심화,20,2,3,조선 세조,조선경국전이 편찬되었다.,X,정도전
74회,심화,20,2,3,조선 세조,국조오례의가 완성되었다.,X,조선 성종
74회,심화,20,2,3,조선 세조,부민고소금지법이 제정되었다.,X,조선 세종
74회,심화,20,2,3,조선 세조,혼일강리역대국도지도가 제작되었다.,X,조선 태종
74회,심화,21,2,3,임진왜란,신숙주가 일본에 다녀와 해동제국기를 저술하였다.,X,조선 신숙주
74회,심화,21,2,3,임진왜란,나세 등이 화포를 사용하여 진포에서 왜구를 격퇴하였다.,X,화통도감
74회,심화,21,2,3,임진왜란,포로 송환을 목적으로 회답겸쇄환사가 일본에 파견되었다.,O,광해군
74회,심화,21,2,3,임진왜란,조선 정부의 교역 제한에 반발하여 사량진 왜변이 일어났다.,X,조선 명종
74회,심화,21,2,3,임진왜란,국방 문제를 논의하기 위한 임시 기구로 비변사가 설치되었다.,X,비변사
74회,심화,22,3,4.5,조선 숙종,인조반정으로 북인 세력이 몰락하였다.,X,광해군
74회,심화,22,3,4.5,조선 숙종,기축옥사로 이발 등 동인 세력이 축출되었다.,X,기축옥사
74회,심화,22,3,4.5,조선 숙종,양재역 벽서 사건으로 이언적 등이 화를 입었다.,X,조선 명종
74회,심화,22,3,4.5,조선 숙종,인현 왕후가 폐위되고 남인이 권력을 차지하였다.,O,조선 숙종
74회,심화,22,3,4.5,조선 숙종,붕당의 폐해를 경계하기 위해 탕평비가 건립되었다.,X,조선 영조
74회,심화,23,2,3,이황,최초의 서원인 백운동 서원을 건립하였다.,X,주세붕
74회,심화,23,2,3,이황,명에 대한 의리를 내세운 기축봉사를 올렸다.,X,송시열
74회,심화,23,2,3,이황,동호문답을 통해 다양한 개혁 방안을 제시하였다.,X,이이
74회,심화,23,2,3,이황,예안 향약을 시행하여 향촌의 교화를 위해 노력하였다.,O,이황
74회,심화,23,2,3,이황,예학을 조선의 현실에 맞게 정리한 가례집람을 저술하였다.,X,김장생
74회,심화,24,1,1.5,조선 정조,나선 정벌에 조총 부대를 파견하였다.,X,조선 효종
74회,심화,24,1,1.5,조선 정조,호포제를 시행하여 양반에게도 군포를 징수하였다.,X,흥선대원군
74회,심화,24,1,1.5,조선 정조,문신을 재교육하기 위한 초계문신제를 실시하였다.,O,조선 정조
74회,심화,24,1,1.5,조선 정조,삼정의 문란을 시정하고자 삼정이정청을 설치하였다.,X,임술농민봉기
74회,심화,24,1,1.5,조선 정조,각 궁방과 중앙 관서의 공노비 6만여 명을 해방하였다.,X,조선 순조
74회,심화,25,3,4.5,신유박해,한성 조약이 체결되는 결과를 가져왔다.,X,갑신정변
74회,심화,25,3,4.5,신유박해,정부의 요청으로 출병한 청군이 진압하였다.,X,임오군란
74회,심화,25,3,4.5,신유박해,사태의 수습을 위해 박규수가 안핵사로 파견되었다.,X,임술농민봉기
74회,심화,25,3,4.5,신유박해,이필제가 영해 지역에서 난을 일으키는 계기가 되었다.,X,흥선대원군
74회,심화,25,3,4.5,신유박해,전개 과정에서 이승훈 정약용 등이 연루되어 처벌되었다.,O,신유박해
74회,심화,26,1,1.5,조선 후기 사회,판소리 흥보가를 구경하는 농민,X,조선 후기 사회
74회,심화,26,1,1.5,조선 후기 사회,주자소에서 계미자를 만드는 장인,O,조선 태종
74회,심화,26,1,1.5,조선 후기 사회,옥계 시사에서 시를 낭송하는 중인,X,조선 후기 사회
74회,심화,26,1,1.5,조선 후기 사회,세책가에서 춘향전을 빌리는 부자,X,조선 후기 사회
74회,심화,26,1,1.5,조선 후기 사회,호랑이를 소재로 민화를 그리는 화가,X,조선 후기 사회
74회,심화,27,1,1.5,조선 후기 경제,백성에게 정전이 지급되었다.,X,통일신라
74회,심화,27,1,1.5,조선 후기 경제,초량 왜관을 통해 일본과 교역하였다.,O,조선 후기 경제
74회,심화,27,1,1.5,조선 후기 경제,주전도감에서 해동통보가 발행되었다.,X,고려
74회,심화,27,1,1.5,조선 후기 경제,벽란도가 국제 무역항으로 번성하였다.,X,고려
74회,심화,27,1,1.5,조선 후기 경제,시장을 관리하기 위한 동시전이 설치되었다.,X,신라 지증왕
74회,심화,28,2,3,조미수호통상조약,한일 의정서의 체결 과정을 파악한다.,X,러일전쟁
74회,심화,28,2,3,조미수호통상조약,미쓰야 협정이 끼친 영향을 조사한다.,X,미쓰야 협정
74회,심화,28,2,3,조미수호통상조약,강화도 조약이 체결된 계기를 알아본다.,X,강화도 조약
74회,심화,28,2,3,조미수호통상조약,조미 수호 통상 조약의 내용을 분석한다.,O,조미수호통상조약
74회,심화,28,2,3,조미수호통상조약,헤이그 특사가 파견되는 원인을 살펴본다.,X,헤이그 특사
74회,심화,29,2,3,갑오개혁,(가) - 북학 사상을 바탕으로 통상 개화론을 주장하다,X,강화도 조약
74회,심화,29,2,3,갑오개혁,(나) - 영남 만인소를 주도해 개항과 통상에 반대하다,X,조선책략
74회,심화,29,2,3,갑오개혁,(다) - 보빙사로 미국에 다녀와 개화 정책을 추진하다,O,갑오개혁
74회,심화,29,2,3,갑오개혁,(라) - 서유견문을 집필하여 서양 근대 문명을 소개하다,X,갑오개혁
74회,심화,29,2,3,갑오개혁,(마) - 백정 출신으로 관민 공동회에서 연설하다,X,독립협회
74회,심화,30,2,3,광무개혁,지계아문을 설치하여 지계를 발급하였다.,O,광무개혁
74회,심화,30,2,3,광무개혁,건양이라는 독자적인 연호를 채택하였다.,X,을미개혁
74회,심화,30,2,3,광무개혁,박문국을 설치하고 한성순보를 발행하였다.,X,박문국
74회,심화,30,2,3,광무개혁,근대식 무기 제조 공장인 기기창을 설립하였다.,X,기기창
74회,심화,30,2,3,광무개혁,개혁의 방향을 제시한 홍범 14조를 반포하였다.,X,갑오개혁
74회,심화,31,1,1.5,동학 농민 운동,삼국 간섭의 결과를 알아본다.,X,삼국 간섭
74회,심화,31,1,1.5,동학 농민 운동,척화비가 건립된 계기를 조사한다.,X,흥선대원군
74회,심화,31,1,1.5,동학 농민 운동,전주 화약이 체결되는 과정을 살펴본다.,O,동학 농민 운동
74회,심화,31,1,1.5,동학 농민 운동,영국이 거문도를 점령한 목적을 분석한다.,X,거문도 사건
74회,심화,31,1,1.5,동학 농민 운동,외규장각 도서가 약탈된 배경을 찾아본다.,X,병인양요
74회,심화,32,2,3,정미의병,최익현이 태인에서 의병을 일으켰다.,X,을사의병
74회,심화,32,2,3,정미의병,일본이 독도를 불법적으로 편입하였다.,X,러일전쟁
74회,심화,32,2,3,정미의병,스티븐스가 외교 고문으로 부임하였다.,X,화폐 정리 사업
74회,심화,32,2,3,정미의병,13도 창의군이 서울 진공 작전을 전개하였다.,O,정미의병
74회,심화,32,2,3,정미의병,유인석이 이끄는 부대가 충주성을 점령하였다.,X,을미의병
74회,심화,33,2,3,대조선 국민 군단,한인 자치 기구인 경학사를 설립하였다.,X,신민회
74회,심화,33,2,3,대조선 국민 군단,권업신문을 발간하여 민족 의식을 고취하였다.,X,대한 광복군 정부
74회,심화,33,2,3,대조선 국민 군단,유학생을 중심으로 2·8 독립 선언을 발표하였다.,X,2·8 독립 선언
74회,심화,33,2,3,대조선 국민 군단,신한 청년당이 파리 강화 회의에 대표를 파견하였다.,X,대한민국 임시정부
74회,심화,33,2,3,대조선 국민 군단,대조선 국민군단을 결성하여 군사 훈련을 실시하였다.,O,대조선 국민 군단
74회,심화,34,3,4.5,대한매일신보,대한매일신보를 읽고 있는 청년,O,대한매일신보
74회,심화,34,3,4.5,대한매일신보,경성 제국 대학에 입학하는 학생,X,1920년대 사회운동
74회,심화,34,3,4.5,대한매일신보,원각사에서 은세계 공연을 보는 여성,X,대한제국 시기
74회,심화,34,3,4.5,대한매일신보,통리기무아문에서 개화 정책을 논의하는 관리,X,통리기무아문
74회,심화,34,3,4.5,대한매일신보,어린이날 기념 행사에 참여하는 천도교 소년회 회원,X,1920년대 사회운동
74회,심화,36,2,3,3·1 운동,정우회 선언의 영향을 받았다.,X,신간회
74회,심화,36,2,3,3·1 운동,통감부의 탄압과 방해로 중단되었다.,X,대한자강회
74회,심화,36,2,3,3·1 운동,순종의 인산일을 기회로 삼아 추진되었다.,X,6·10 만세 운동
74회,심화,36,2,3,3·1 운동,전개 과정에서 일제가 제암리 학살 등을 자행하였다.,O,3·1 운동
74회,심화,36,2,3,3·1 운동,성진회와 각 학교 독서회에 의해 전국적으로 확산되었다.,X,광주학생항일운동
74회,심화,37,1,1.5,대한민국 임시정부,고종 강제 퇴위 반대 운동을 전개하였다.,X,대한자강회
74회,심화,37,1,1.5,대한민국 임시정부,일제의 황무지 개간권 요구를 저지하였다.,X,보안회
74회,심화,37,1,1.5,대한민국 임시정부,영은문이 있던 자리 부근에 독립문을 건립하였다.,X,독립협회
74회,심화,37,1,1.5,대한민국 임시정부,독립운동 자금 마련을 위해 독립 공채를 발행하였다.,O,대한민국 임시정부
74회,심화,37,1,1.5,대한민국 임시정부,조선 총독부에 국권 반환 요구서를 제출하려 하였다.,X,독립의군부
74회,심화,38,2,3,의열단,원산 노동자 총파업을 지원하였다.,X,신간회
74회,심화,38,2,3,의열단,신흥 강습소를 세워 독립군을 양성하였다.,X,신민회
74회,심화,38,2,3,의열단,김익상 김상옥 등이 단원으로 활동하였다.,O,의열단
74회,심화,38,2,3,의열단,상덕태상회를 통하여 군자금을 모집하였다.,X,대한광복회
74회,심화,38,2,3,의열단,도쿄에서 일어난 이봉창 의거를 계획하였다.,X,한인 애국단
74회,심화,39,2,3,백남운,조선불교유신론을 주장하였다.,X,한용운
74회,심화,39,2,3,백남운,식민 사학의 정체성론을 반박하였다.,O,백남운
74회,심화,39,2,3,백남운,조선사 편수회에 들어가 조선사 편찬에 참여하였다.,X,일제강점기 사회상
74회,심화,39,2,3,백남운,진단 학회를 설립하여 실증주의 사학을 발전시켰다.,X,진단학회
74회,심화,39,2,3,백남운,민족을 역사 서술의 중심에 둔 독사신론을 집필하였다.,X,신채호
74회,심화,40,1,1.5,일제강점기 사회상,잡지 신여성 여권 신장을 주장하다,X,1920년대 사회운동
74회,심화,40,1,1.5,일제강점기 사회상,조선 형평사 사회적 차별 철폐를 외치다,X,형평 운동
74회,심화,40,1,1.5,일제강점기 사회상,소설 상록수 브나로드 운동을 널리 알리다,X,브나로드 운동
74회,심화,40,1,1.5,일제강점기 사회상,경성 방직 주식회사 광목 태극성을 광고하다,X,물산 장려 운동
74회,심화,40,1,1.5,일제강점기 사회상,새마을 운동 근면·자조·협동을 기치로 내세우다,O,새마을 운동
74회,심화,41,2,3,일제강점기 사회상,(가) - 일본군의 보복으로 간도 참변이 일어나다,X,청산리 전투
74회,심화,41,2,3,일제강점기 사회상,(나) - 관동 대지진 당시 자경단에 학살당하다,X,일제강점기 사회상
74회,심화,41,2,3,일제강점기 사회상,(다) - 에네켄 농장에서 고된 노동에 시달리다,O,숭무 학교
74회,심화,41,2,3,일제강점기 사회상,(라) - 소련 당국에 의해 강제로 이주되어 오다,X,민족말살통치기
74회,심화,41,2,3,일제강점기 사회상,(마) - 교민들을 중심으로 흥사단이 창립되다,X,흥사단
74회,심화,42,2,3,한국독립군,봉오동 전투에서 일본군을 크게 격파하였다.,X,봉오동 전투
74회,심화,42,2,3,한국독립군,미국과 연계하여 국내 진공 작전을 계획하였다.,X,광복군 창설
74회,심화,42,2,3,한국독립군,중국 의용군과 연합하여 영릉가 전투에서 승리하였다.,X,조선혁명군
74회,심화,42,2,3,한국독립군,조선 민족 전선 연맹 산하의 군사 조직으로 결성되었다.,X,조선의용대
74회,심화,42,2,3,한국독립군,한국 독립당의 군사 조직으로 북만주 지역에서 활약하였다.,O,한국독립군
74회,심화,43,1,1.5,민족말살통치기,조선 태형령이 반포되었다.,X,1910년대 통치
74회,심화,43,1,1.5,민족말살통치기,조선 노농 총동맹이 결성되었다.,X,1920년대 사회운동
74회,심화,43,1,1.5,민족말살통치기,임시 토지 조사국이 설립되었다.,X,토지조사사업
74회,심화,43,1,1.5,민족말살통치기,황국 신민 서사 암송이 강요되었다.,O,민족말살통치기
74회,심화,43,1,1.5,민족말살통치기,조선 민립 대학 기성회가 창립되었다.,X,민립 대학 설립 운동
74회,심화,44,2,3,제주 4·3 사건,대통령이 하야하는 결과를 이끌어냈다.,X,4·19 혁명
74회,심화,44,2,3,제주 4·3 사건,호헌 철폐와 독재 타도 등의 구호를 내세웠다.,X,6월 민주항쟁
74회,심화,44,2,3,제주 4·3 사건,통일 주체 국민 회의가 구성되는 배경이 되었다.,X,유신헌법
74회,심화,44,2,3,제주 4·3 사건,6·3 시위의 전개와 비상계엄이 선포되는 계기가 되었다.,X,6·3 시위
74회,심화,44,2,3,제주 4·3 사건,진상 규명 및 희생자 명예 회복에 관한 특별법이 제정되었다.,O,제주 4·3 사건
74회,심화,45,2,3,6·25 전쟁,발췌 개헌안이 통과되었다.,O,이승만 정부
74회,심화,45,2,3,6·25 전쟁,삼청 교육대가 설치되었다.,X,전두환 정부
74회,심화,45,2,3,6·25 전쟁,한미 상호 방위 조약이 체결되었다.,X,한미 상호 방위 조약
74회,심화,45,2,3,6·25 전쟁,여수·순천 10·19 사건이 일어났다.,X,여수 순천 사건
74회,심화,45,2,3,6·25 전쟁,국가 보위 비상 대책 위원회가 구성되었다.,X,전두환 정부
74회,심화,46,2,3,4·19 혁명,시위 도중 대학생 이한열이 희생되었다.,X,6월 민주항쟁
74회,심화,46,2,3,4·19 혁명,시민군이 조직되어 계엄군에 저항하였다.,X,5·18 광주민주화운동
74회,심화,46,2,3,4·19 혁명,허정 과도 정부가 출범하는 계기가 되었다.,O,4·19 혁명
74회,심화,46,2,3,4·19 혁명,5년 단임의 대통령 직선제 개헌을 이끌어냈다.,X,6월 민주항쟁
74회,심화,46,2,3,4·19 혁명,야당 총재의 국회의원 제명으로 촉발되었다.,X,YH 무역 사건
74회,심화,47,3,4.5,박정희 정부,국회 별관에서 3선 개헌안이 통과되었습니다.,X,3선 개헌
74회,심화,47,3,4.5,박정희 정부,정부에 비판적인 경향신문이 폐간되었습니다.,X,이승만 정부
74회,심화,47,3,4.5,박정희 정부,YH 무역 노동자들이 야당 당사에서 농성하였습니다.,O,YH 무역 사건
74회,심화,47,3,4.5,박정희 정부,최고 통치 기구인 국가 재건 최고 회의가 구성되었습니다.,X,박정희 정부
74회,심화,47,3,4.5,박정희 정부,평화 통일론을 주장한 진보당의 조봉암이 처형되었습니다.,X,이승만 정부
74회,심화,48,2,3,김대중 정부 경제,경제기획원이 발족하였다.,X,박정희 정부 경제
74회,심화,48,2,3,김대중 정부 경제,제4차 경제 개발 5개년 계획이 추진되었다.,X,박정희 정부 경제
74회,심화,48,2,3,김대중 정부 경제,미국과 자유 무역 협정(FTA)을 체결하였다.,X,노무현 정부
74회,심화,48,2,3,김대중 정부 경제,저유가·저금리·저달러의 3저 호황이 있었다.,X,전두환 정부
74회,심화,48,2,3,김대중 정부 경제,대통령 직속 자문 기구로 노사정 위원회가 출범하였다.,O,김대중 정부 경제
74회,심화,49,2,3,노무현 정부,판문점에서 남북 정상 회담을 개최하였다.,X,문재인 정부 통일
74회,심화,49,2,3,노무현 정부,남북한이 국제 연합(UN)에 동시 가입하였다.,X,노태우 정부 통일
74회,심화,49,2,3,노무현 정부,남북 이산가족의 고향 방문을 최초로 성사시켰다.,X,전두환 정부 통일
74회,심화,49,2,3,노무현 정부,평화 통일 외교 정책에 관한 6·23 특별 성명을 발표하였다.,X,박정희 정부 통일
74회,심화,49,2,3,노무현 정부,남북 간 경제 교류 활성화를 위한 개성 공단 착공식을 열었다.,O,노무현 정부
74회,심화,50,3,4.5,갑오개혁,(가) - 원성왕 재위 시기에 시행되었다.,X,통일신라 원성왕
74회,심화,50,3,4.5,갑오개혁,(나) - 쌍기의 건의를 수용하여 실시하였다.,X,고려 광종
74회,심화,50,3,4.5,갑오개혁,(다) - 식년시 알성시 증광시 등으로 운영되었다.,X,조선 세종
74회,심화,50,3,4.5,갑오개혁,(라) - 중종 때 조광조를 비롯한 사림들이 실시를 주장하였다.,X,조광조
74회,심화,50,3,4.5,갑오개혁,(마) - 대한 제국 수립 이후 개혁의 일환으로 처음 단행되었다.,O,갑오개혁
73회,심화,1,1,1.5,청동기 시대,소를 이용한 깊이갈이가 일반화되었다.,X,신라 지증왕
73회,심화,1,1,1.5,청동기 시대,반달 돌칼을 사용하여 벼를 수확하였다.,O,청동기 시대
73회,심화,1,1,1.5,청동기 시대,주로 동굴이나 강가의 막집에서 살았다.,X,구석기 시대
73회,심화,1,1,1.5,청동기 시대,주먹도끼·찍개 등의 뗀석기를 처음 제작하였다.,X,구석기 시대
73회,심화,1,1,1.5,청동기 시대,가락바퀴와 뼈바늘을 이용해 옷을 만들기 시작하였다.,X,신석기 시대
73회,심화,2,3,4.5,삼국 통일 과정,을지문덕이 살수에서 대승을 거두었다.,X,살수대첩
73회,심화,2,3,4.5,삼국 통일 과정,사찬 시득이 기벌포에서 당군을 격파하였다.,X,삼국 통일 과정
73회,심화,2,3,4.5,삼국 통일 과정,관구검이 군대를 이끌고 환도성을 함락하였다.,X,고구려
73회,심화,2,3,4.5,삼국 통일 과정,김춘추가 당으로 건너가 군사 동맹을 체결하였다.,O,삼국 통일 과정
73회,심화,2,3,4.5,삼국 통일 과정,장문휴가 자사 위준이 관할하는 당의 등주를 공격하였다.,X,발해 무왕
73회,심화,3,2,3,가야,진흥왕 때 신라에 복속되었다.,O,가야
73회,심화,3,2,3,가야,집사부를 비롯한 14부를 설치하였다.,X,신라
73회,심화,3,2,3,가야,지방 장관으로 욕살 처려근지 등을 두었다.,X,고구려
73회,심화,3,2,3,가야,여러 가(加)들이 별도로 사출도를 주관하였다.,X,삼한/부여
73회,심화,3,2,3,가야,왕족인 부여씨와 8성의 귀족이 지배층을 이루었다.,X,백제
73회,심화,4,2,3,삼한/부여,(가) - 영고라는 제천 행사를 열었다.,X,삼한/부여
73회,심화,4,2,3,삼한/부여,(가) - 사회 질서를 유지하기 위해 범금 8조를 만들었다.,X,고조선
73회,심화,4,2,3,삼한/부여,(나) - 신성 지역인 소도가 존재하였다.,O,삼한/부여
73회,심화,4,2,3,삼한/부여,(나) - 제가 회의에서 나라의 중대사를 결정하였다.,X,고구려
73회,심화,4,2,3,삼한/부여,(가) (나) - 도둑질한 자에게 12배로 배상하게 하였다.,X,삼한/부여
73회,심화,5,2,3,백제 근초고왕,금마저에 미륵사를 창건하였다.,X,백제 무왕
73회,심화,5,2,3,백제 근초고왕,윤충을 보내 대야성을 함락하였다.,X,백제
73회,심화,5,2,3,백제 근초고왕,사비에 천도하고 국호를 남부여로 고쳤다.,X,백제 성왕
73회,심화,5,2,3,백제 근초고왕,평양성을 공격하여 고국원왕을 전사시켰다.,O,백제 근초고왕
73회,심화,5,2,3,백제 근초고왕,동진에서 온 마라난타를 통해 불교를 수용하였다.,X,백제 침류왕
73회,심화,7,3,4.5,신라 하대,김흠돌 등 진골 세력이 숙청되었다.,X,신라 신문왕
73회,심화,7,3,4.5,신라 하대,김헌창이 웅천주에서 반란을 일으켰다.,O,신라 하대
73회,심화,7,3,4.5,신라 하대,거칠부가 왕명에 의해 국사를 편찬하였다.,X,신라 진흥왕
73회,심화,7,3,4.5,신라 하대,복신과 도침이 부여풍을 왕으로 추대하였다.,X,삼국 통일 과정
73회,심화,7,3,4.5,신라 하대,자장의 건의로 황룡사 구층 목탑이 건립되었다.,X,신라 선덕여왕
73회,심화,8,2,3,발해,교육 기관으로 주자감을 설립하였다.,X,발해
73회,심화,8,2,3,발해,감찰 업무를 담당하는 중정대가 있었다.,X,발해
73회,심화,8,2,3,발해,인안 대흥 등 독자적인 연호를 사용하였다.,X,발해
73회,심화,8,2,3,발해,거란도 영주도 등을 통해 주변국과 교역하였다.,X,발해
73회,심화,8,2,3,발해,내신좌평 내두좌평 등 6좌평의 관제를 마련하였다.,O,백제
73회,심화,9,1,1.5,신라,태학과 경당을 두어 인재를 양성하였다.,X,고구려
73회,심화,9,1,1.5,신라,유랑민을 구휼하는 활인서를 설치하였다.,X,조선 태종
73회,심화,9,1,1.5,신라,정사암 회의에서 국가 중대사를 결정하였다.,X,백제
73회,심화,9,1,1.5,신라,도병마사에서 변경의 군사 문제 등을 논의하였다.,X,고려
73회,심화,9,1,1.5,신라,골품에 따라 관등 승진 일상생활 등을 엄격히 제한하였다.,O,신라
73회,심화,10,3,4.5,궁예,경주의 사심관으로 임명되었다.,X,고려 태조
73회,심화,10,3,4.5,궁예,12목에 지방관을 처음으로 파견하였다.,X,고려 성종
73회,심화,10,3,4.5,궁예,폐정 개혁을 목표로 정치도감을 설치하였다.,X,고려 후기
73회,심화,10,3,4.5,궁예,광평성을 비롯한 각종 정치 기구를 마련하였다.,O,궁예
73회,심화,10,3,4.5,궁예,오월(吳越)에 사신을 보내고 검교태보의 직을 받았다.,X,후백제 견훤
73회,심화,11,2,3,고려 태조,한양을 남경으로 승격시켰다.,X,고려
73회,심화,11,2,3,고려 태조,주전도감을 설치하여 해동통보를 발행하였다.,X,고려 숙종
73회,심화,11,2,3,고려 태조,쌍기의 건의를 받아들여 과거제를 실시하였다.,X,고려 광종
73회,심화,11,2,3,고려 태조,청연각과 보문각을 두어 학문 연구를 장려하였다.,X,고려 예종
73회,심화,11,2,3,고려 태조,정계와 계백료서를 지어 관리의 규범을 제시하였다.,O,고려 태조
73회,심화,12,2,3,고려,벽란도가 국제 무역항으로 번성하였다.,O,고려
73회,심화,12,2,3,고려,고추 담배 등이 상품 작물로 재배되었다.,X,조선 후기 사회
73회,심화,12,2,3,고려,시장을 감독하는 관청인 동시전이 설치되었다.,X,신라 지증왕
73회,심화,12,2,3,고려,광산을 전문적으로 경영하는 덕대가 활동하였다.,X,조선 후기 경제
73회,심화,12,2,3,고려,삼남 지방의 농법을 소개한 농사직설이 보급되었다.,X,조선 세종
73회,심화,13,2,3,이자겸/묘청,최충헌이 봉사 10조를 올렸다.,X,최충헌
73회,심화,13,2,3,이자겸/묘청,동북 9성이 여진에 반환되었다.,X,여진 대응
73회,심화,13,2,3,이자겸/묘청,국자감이 성균관으로 개칭되었다.,X,고려 충렬왕
73회,심화,13,2,3,이자겸/묘청,묘청 등이 서경에서 난을 일으켰다.,O,이자겸/묘청
73회,심화,13,2,3,이자겸/묘청,광덕 준풍 등의 독자적 연호가 사용되었다.,X,고려 광종
73회,심화,14,1,1.5,망이·망소이의 난,안동도호부가 설치된 경위를 알아본다.,X,삼국 통일 과정
73회,심화,14,1,1.5,망이·망소이의 난,특수 행정 구역인 소에 대한 차별을 조사한다.,O,망이·망소이의 난
73회,심화,14,1,1.5,망이·망소이의 난,신라 말 호족 세력이 성장하게 된 계기를 살펴본다.,X,신라 하대
73회,심화,14,1,1.5,망이·망소이의 난,통청 운동을 통해 청요직으로 진출한 인물을 검색한다.,X,조선 후기 사회
73회,심화,14,1,1.5,망이·망소이의 난,경기에 한하여 설치된 과전이 농민에게 미친 영향을 파악한다.,X,과전법
73회,심화,15,2,3,삼별초 항쟁,거란의 침입에 대비하여 설치되었다.,X,거란 1차 침입
73회,심화,15,2,3,삼별초 항쟁,최씨 무신 정권의 군사적 기반이었다.,O,삼별초 항쟁
73회,심화,15,2,3,삼별초 항쟁,원의 요청으로 일본 원정에 참여하였다.,X,고려 충렬왕
73회,심화,15,2,3,삼별초 항쟁,신기군 신보군 항마군으로 편성되었다.,X,여진 대응
73회,심화,15,2,3,삼별초 항쟁,최영의 지휘 아래 홍산에서 왜구를 격퇴하였다.,X,화통도감
73회,심화,16,3,4.5,고려 충렬왕,남북국이라는 용어가 처음 사용되었다.,X,조선 후기 사회
73회,심화,16,3,4.5,고려 충렬왕,불교사를 중심으로 민간 설화를 담았다.,X,일연
73회,심화,16,3,4.5,고려 충렬왕,단군의 고조선 이야기가 수록되었다.,O,고려 충렬왕
73회,심화,16,3,4.5,고려 충렬왕,왕명에 의해 고승들의 전기가 기록되었다.,X,고려 후기
73회,심화,16,3,4.5,고려 충렬왕,본기 열전 등으로 구성된 기전체 형식으로 서술되었다.,X,김부식
73회,심화,17,2,3,고려 공민왕,대각국사 의천이 천태종을 개창하였다.,X,고려 의천
73회,심화,17,2,3,고려 공민왕,신돈을 중심으로 전민변정 사업이 추진되었다.,O,고려 공민왕
73회,심화,17,2,3,고려 공민왕,만적이 개경에서 노비를 모아 반란을 모의하였다.,X,만적의 난
73회,심화,17,2,3,고려 공민왕,최충이 문헌공도를 설립하여 유학 교육에 힘썼다.,X,최충
73회,심화,17,2,3,고려 공민왕,이규보가 고구려 계승 의식을 강조한 동명왕편을 지었다.,X,고려 후기
73회,심화,18,2,3,화통도감,광군을 조직하여 침입에 대비하였다.,X,거란 1차 침입
73회,심화,18,2,3,화통도감,경성과 경원에 무역소를 설치하였다.,X,4군 6진
73회,심화,18,2,3,화통도감,박위를 파견하여 근거지를 토벌하였다.,O,화통도감
73회,심화,18,2,3,화통도감,어영청을 중심으로 북벌을 추진하였다.,X,조선 효종
73회,심화,18,2,3,화통도감,대장도감을 설치하여 팔만대장경을 간행하였다.,X,몽골 침입
73회,심화,19,3,4.5,조선 정조,(가) - 사초와 시정기 등을 종합하여 편찬하였다.,X,춘추관
73회,심화,19,3,4.5,조선 정조,(나) - 청주 흥덕사에서 금속 활자본으로 간행되었다.,X,직지심체요절
73회,심화,19,3,4.5,조선 정조,(다) - 병인양요 당시 일부가 프랑스군에게 약탈되었다.,X,병인양요
73회,심화,19,3,4.5,조선 정조,(라) - 허준이 우리나라와 중국의 의서를 망라하여 집대성하였다.,X,광해군
73회,심화,19,3,4.5,조선 정조,(마) - 국왕의 비서 기관에서 발행한 관보이다.,O,승정원
73회,심화,20,2,3,정도전,불씨잡변을 지어 불교를 비판하였다.,O,정도전
73회,심화,20,2,3,정도전,계유정난을 계기로 정계에서 축출되었다.,X,조선 세조
73회,심화,20,2,3,정도전,최초의 서원인 백운동 서원을 건립하였다.,X,주세붕
73회,심화,20,2,3,정도전,일본에 다녀와서 해동제국기를 편찬하였다.,X,조선 신숙주
73회,심화,20,2,3,정도전,성리학의 개념을 도식으로 설명한 성학십도를 지었다.,X,이황
73회,심화,21,2,3,조선 세종,수도 방어를 위해 금위영을 설치하였다.,X,조선 숙종
73회,심화,21,2,3,조선 세종,음악 이론 등을 집대성한 악학궤범을 완성하였다.,X,조선 성종
73회,심화,21,2,3,조선 세종,한양을 기준으로 한 역법서인 칠정산을 간행하였다.,O,조선 세종
73회,심화,21,2,3,조선 세종,역대 문물제도를 정리한 동국문헌비고를 편찬하였다.,X,조선 영조
73회,심화,21,2,3,조선 세종,현직 관리에게만 수조지를 지급하는 직전법을 실시하였다.,X,조선 세조
73회,심화,22,2,3,조선 숙종,나선 정벌에 조총 부대를 파견하였다.,X,조선 효종
73회,심화,22,2,3,조선 숙종,하정사 천추사 등 사절단을 보내었다.,O,조선 숙종
73회,심화,22,2,3,조선 숙종,백두산정계비를 세워 국경을 획정하였다.,X,조선 숙종
73회,심화,22,2,3,조선 숙종,한성에 동평관을 두어 무역을 허용하였다.,X,조선 태종
73회,심화,22,2,3,조선 숙종,공녀를 보내기 위해 결혼도감을 설치하였다.,X,고려 충렬왕
73회,심화,23,2,3,연산군,이괄의 난이 일어나 공주로 피란하다,X,이괄의 난
73회,심화,23,2,3,연산군,단종의 복위를 꾀한 성삼문 등을 처형하다,X,조선 세조
73회,심화,23,2,3,연산군,영창 대군을 죽이고 인목 대비를 유폐하다,X,광해군
73회,심화,23,2,3,연산군,위훈 삭제를 주장한 조광조 일파를 제거하다,X,기묘사화
73회,심화,23,2,3,연산군,폐비 윤씨 사사 사건을 빌미로 신하들을 숙청하다,O,연산군
73회,심화,24,1,1.5,병자호란,(가) 강화산성 - 정봉수가 후금의 침입에 맞서 싸웠다.,X,정묘호란
73회,심화,24,1,1.5,병자호란,(나) 북한산성 - 김준룡이 근왕병을 이끌고 적장을 사살하였다.,X,병자호란
73회,심화,24,1,1.5,병자호란,(다) 서울 한양도성 - 신립이 배수의 진을 치고 전투를 벌였다.,X,임진왜란
73회,심화,24,1,1.5,병자호란,(라) 남한산성 - 병자호란 때 인조가 피란하여 항전하였다.,O,병자호란
73회,심화,24,1,1.5,병자호란,(마) 수원 화성 - 임진왜란 때 권율이 일본군을 크게 물리쳤다.,X,임진왜란
73회,심화,25,3,4.5,경재소,사헌부 사간원과 함께 3사로 불렸다.,X,홍문관
73회,심화,25,3,4.5,경재소,소속 관원을 은대 학사라고도 칭하였다.,X,승정원
73회,심화,25,3,4.5,경재소,서얼 출신 학자들이 검서관에 등용되었다.,X,규장각
73회,심화,25,3,4.5,경재소,관할 유향소 임원의 임명권을 행사하였다.,O,경재소
73회,심화,25,3,4.5,경재소,대사성 이하 좨주 직강 등의 관직을 두었다.,X,성균관
73회,심화,27,2,3,조선 철종,윤지충 등이 처형된 신해박해가 일어났다.,X,조선 정조
73회,심화,27,2,3,조선 철종,오페르트가 남연군 묘 도굴을 시도하였다.,X,오페르트 사건
73회,심화,27,2,3,조선 철종,국왕의 친위 부대인 장용영이 창설되었다.,X,조선 정조
73회,심화,27,2,3,조선 철종,경신환국 등 여러 차례 환국이 발생하였다.,X,조선 숙종
73회,심화,27,2,3,조선 철종,박규수의 건의로 삼정이정청이 설치되었다.,O,임술농민봉기
73회,심화,28,2,3,균역법,토산물을 쌀 동전 등으로 납부하게 한 원인,X,대동법
73회,심화,28,2,3,균역법,균역법 실시로 인한 세입 감소분의 보충 방안,O,균역법
73회,심화,28,2,3,균역법,시전 상인의 특권을 축소한 신해통공 단행 배경,X,조선 정조
73회,심화,28,2,3,균역법,전세를 풍흉에 따라 9등급으로 차등 부과한 이유,X,조선 세종
73회,심화,28,2,3,균역법,설점수세제를 시행하여 민간의 광산 개발을 허용한 목적,X,조선 후기 경제
73회,심화,29,2,3,갑신정변,청군의 개입으로 3일 만에 실패하였다.,O,갑신정변
73회,심화,29,2,3,갑신정변,전개 과정에서 홍범 14조가 반포되었다.,X,갑오개혁
73회,심화,29,2,3,갑신정변,통리기무아문이 설치되는 계기가 되었다.,X,통리기무아문
73회,심화,29,2,3,갑신정변,조일 통상 장정이 체결되는 결과를 초래하였다.,X,강화도 조약
73회,심화,29,2,3,갑신정변,구식 군인에 대한 차별 대우가 발단이 되어 일어났다.,X,임오군란
73회,심화,30,1,1.5,조선 후기 사회,빈민을 구휼하는 제위보의 관리,O,고려 광종
73회,심화,30,1,1.5,조선 후기 사회,시사를 조직하여 시를 낭송하는 중인,X,조선 후기 사회
73회,심화,30,1,1.5,조선 후기 사회,상평통보로 물건을 거래하는 보부상,X,조선 후기 경제
73회,심화,30,1,1.5,조선 후기 사회,세책가에서 홍길동전을 빌리는 부녀자,X,조선 후기 사회
73회,심화,30,1,1.5,조선 후기 사회,송파장에서 산대놀이 공연을 하는 광대,X,조선 후기 사회
73회,심화,31,2,3,동학 농민 운동,남접과 북접이 논산에서 연합하였다.,X,동학 농민 운동
73회,심화,31,2,3,동학 농민 운동,최제우가 혹세무민의 죄로 처형되었다.,X,동학 농민 운동
73회,심화,31,2,3,동학 농민 운동,일본이 군대를 동원하여 경복궁을 점령하였다.,X,갑오개혁
73회,심화,31,2,3,동학 농민 운동,농민군이 황룡촌 전투에서 관군에 승리하였다.,O,동학 농민 운동
73회,심화,31,2,3,동학 농민 운동,우금치에서 농민군이 관군과 일본군에 맞서 싸웠다.,X,동학 농민 운동
73회,심화,32,3,4.5,황국 중앙 총상회,동양 척식 주식회사가 설립되었다.,X,대한제국 시기
73회,심화,32,3,4.5,황국 중앙 총상회,일제가 황무지 개간권을 요구하였다.,X,보안회
73회,심화,32,3,4.5,황국 중앙 총상회,조청 상민 수륙 무역 장정이 체결되었다.,O,조청상민수륙무역장정
73회,심화,32,3,4.5,황국 중앙 총상회,메가타의 주도로 화폐 정리 사업이 시행되었다.,X,화폐 정리 사업
73회,심화,32,3,4.5,황국 중앙 총상회,회사 설립을 허가제로 하는 회사령이 공포되었다.,X,회사령
73회,심화,33,2,3,국채 보상 운동,대한매일신보의 지원을 받아 확산되었다.,O,국채 보상 운동
73회,심화,33,2,3,국채 보상 운동,조선 총독부의 탄압과 방해로 실패하였다.,X,민립 대학 설립 운동
73회,심화,33,2,3,국채 보상 운동,백정에 대한 사회적 차별 철폐를 요구하였다.,X,형평 운동
73회,심화,33,2,3,국채 보상 운동,조선 민립 대학 기성회에서 모금 활동을 주도하였다.,X,민립 대학 설립 운동
73회,심화,33,2,3,국채 보상 운동,일본 프랑스 등의 노동 단체로부터 격려 전문을 받았다.,X,원산 총파업
73회,심화,34,1,1.5,을사늑약,러일 전쟁 중에 체결되었다.,X,러일전쟁
73회,심화,34,1,1.5,을사늑약,최혜국 대우를 최초로 규정하였다.,X,조미수호통상조약
73회,심화,34,1,1.5,을사늑약,천주교 포교 허용의 근거가 되었다.,X,조프 수호 통상 조약
73회,심화,34,1,1.5,을사늑약,통감부가 설치되는 결과를 초래하였다.,O,을사늑약
73회,심화,34,1,1.5,을사늑약,스티븐스가 외교 고문으로 파견되는 배경이 되었다.,X,화폐 정리 사업
73회,심화,35,2,3,한성 전기 회사,척화비를 세우기 위해 돌을 다듬는 석공,X,흥선대원군
73회,심화,35,2,3,한성 전기 회사,거문도를 불법 점령하고 있는 영국 군인,X,거문도 사건
73회,심화,35,2,3,한성 전기 회사,연무당에서 일본과 조약을 체결하는 관리,X,강화도 조약
73회,심화,35,2,3,한성 전기 회사,보빙사의 일원으로 미국에 파견되는 역관,X,조미수호통상조약
73회,심화,35,2,3,한성 전기 회사,경부선 철도 개통식을 취재하는 신문 기자,O,러일전쟁
73회,심화,36,2,3,신민회,한인 자치 기구인 경학사를 조직하였다.,O,신민회
73회,심화,36,2,3,신민회,유학생을 중심으로 2·8 독립 선언서를 발표하였다.,X,2·8 독립 선언
73회,심화,36,2,3,신민회,대조선 국민군단을 조직하여 군사 훈련을 실시하였다.,X,대조선 국민 군단
73회,심화,36,2,3,신민회,대한 광복군 정부를 수립하여 무장 투쟁을 준비하였다.,X,대한 광복군 정부
73회,심화,36,2,3,신민회,독립군 비행사 양성을 위해 한인 비행 학교를 설립하였다.,X,대한민국 임시정부
73회,심화,37,1,1.5,1910년대 통치,국가 총동원법을 공포하였다.,X,민족말살통치기
73회,심화,37,1,1.5,1910년대 통치,산미 증식 계획을 시행하였다.,X,산미 증식 계획
73회,심화,37,1,1.5,1910년대 통치,토지 조사 사업을 실시하였다.,O,토지조사사업
73회,심화,37,1,1.5,1910년대 통치,황국 신민 서사의 암송을 강요하였다.,X,민족말살통치기
73회,심화,37,1,1.5,1910년대 통치,조선 사상범 예방 구금령을 제정하였다.,X,민족말살통치기
73회,심화,38,2,3,1920년대 사회운동,한글 맞춤법 통일안을 제정하였다.,X,조선어학회
73회,심화,38,2,3,1920년대 사회운동,기관지로 진단 학보를 발행하였다.,X,진단학회
73회,심화,38,2,3,1920년대 사회운동,오산 학교를 설립하여 인재를 양성하였다.,X,신민회
73회,심화,38,2,3,1920년대 사회운동,김기전 방정환 등이 주축이 되어 활동하였다.,O,1920년대 사회운동
73회,심화,38,2,3,1920년대 사회운동,여성 교육의 중요성을 강조한 여권통문을 발표하였다.,X,독립협회
73회,심화,39,2,3,농촌 진흥 운동,근우회 창립총회에 참여하는 학생,X,근우회
73회,심화,39,2,3,농촌 진흥 운동,경성 제국 대학 설립을 추진하는 관리,X,1920년대 사회운동
73회,심화,39,2,3,농촌 진흥 운동,원각사에서 연극 은세계를 공연하는 배우,X,대한제국 시기
73회,심화,39,2,3,농촌 진흥 운동,서울 진공 작전에 참여하는 13도 창의군 의병,X,정미의병
73회,심화,39,2,3,농촌 진흥 운동,혁명적 농민 조합을 결성하여 일제에 저항하는 농민,O,농민 운동
73회,심화,40,2,3,광주학생항일운동,순종의 인산일을 기회로 삼아 일어났다.,X,6·10 만세 운동
73회,심화,40,2,3,광주학생항일운동,조선어 학회가 해산되는 결과를 가져왔다.,X,조선어학회
73회,심화,40,2,3,광주학생항일운동,정우회 선언을 발표하는 데 영향을 주었다.,X,신간회
73회,심화,40,2,3,광주학생항일운동,전국적인 시위와 동맹 휴학으로 확산되었다.,O,광주학생항일운동
73회,심화,40,2,3,광주학생항일운동,일제가 이른바 문화 통치를 실시하는 계기가 되었다.,X,3·1 운동
73회,심화,41,3,4.5,일제강점기 사회상,(가) - 아침 이슬 건전 가요에서 금지곡으로 지정되다,O,박정희 정부
73회,심화,41,3,4.5,일제강점기 사회상,(나) - 병정님 조선인에 대한 징병제 실시를 미화하다,X,민족말살통치기
73회,심화,41,3,4.5,일제강점기 사회상,(다) - 경성 방송국 우리말 방송을 검열하여 송출하다,X,일제강점기 사회상
73회,심화,41,3,4.5,일제강점기 사회상,(라) - 미쓰코시 백화점 자본주의적 소비문화가 이식되다,X,일제강점기 사회상
73회,심화,41,3,4.5,일제강점기 사회상,(마) - 신여성 여권 신장 등의 내용으로 여성을 계몽하다,X,1920년대 사회운동
73회,심화,42,2,3,한인 애국단,일제가 조작한 105인 사건으로 와해되었다.,X,신민회
73회,심화,42,2,3,한인 애국단,파리 강화 회의에 독립 청원서를 제출하였다.,X,대한민국 임시정부
73회,심화,42,2,3,한인 애국단,단원인 윤봉길이 훙커우 공원 의거를 실행하였다.,O,한인 애국단
73회,심화,42,2,3,한인 애국단,신채호가 작성한 조선 혁명 선언을 지침으로 삼았다.,X,의열단
73회,심화,42,2,3,한인 애국단,군사 훈련을 위해 조선 혁명 간부 학교를 설립하였다.,X,의열단
73회,심화,43,3,4.5,조선의용대,동북 항일 연군으로 개편되어 유격전을 전개하였다.,X,동북 항일 연군
73회,심화,43,3,4.5,조선의용대,간도 참변 이후 조직을 정비하고 자유시로 이동하였다.,X,청산리 전투
73회,심화,43,3,4.5,조선의용대,쌍성보 대전자령 전투 등에서 일본군을 크게 물리쳤다.,X,한국독립군
73회,심화,43,3,4.5,조선의용대,조선 민족 전선 연맹 산하의 군사 조직으로 결성되었다.,O,조선의용대
73회,심화,43,3,4.5,조선의용대,홍범도 부대와 연합하여 청산리에서 일본군과 교전하였다.,X,청산리 전투
73회,심화,44,2,3,물산 장려 운동,조선 노동 총동맹을 중심으로 전개되었다.,X,1920년대 사회운동
73회,심화,44,2,3,물산 장려 운동,보국안민 제폭구민 등이 구호로 사용되었다.,X,동학 농민 운동
73회,심화,44,2,3,물산 장려 운동,조선 관세령 폐지 등을 배경으로 확산하였다.,O,물산 장려 운동
73회,심화,44,2,3,물산 장려 운동,황국 중앙 총상회가 설립되는 결과를 가져왔다.,X,황국 중앙 총상회
73회,심화,44,2,3,물산 장려 운동,일본 제일은행권 화폐가 유통되는 계기가 되었다.,X,화폐 정리 사업
73회,심화,45,1,1.5,민족말살통치기,고종의 밀지를 받아 독립 의군부가 결성되었어요.,X,독립의군부
73회,심화,45,1,1.5,민족말살통치기,만주 군벌과 일제가 미쓰야 협정을 체결하였어요.,X,미쓰야 협정
73회,심화,45,1,1.5,민족말살통치기,여자 정신 근로령으로 여성들이 강제 동원되었어요.,O,민족말살통치기
73회,심화,45,1,1.5,민족말살통치기,상하이에서 주권 재민을 천명한 대동단결 선언이 발표되었어요.,X,대한민국 임시정부
73회,심화,45,1,1.5,민족말살통치기,독립운동의 방략을 논의하고자 국민 대표 회의가 개최되었어요.,X,대한민국 임시정부
73회,심화,47,2,3,5·10 총선거,양원제 국회와 내각 책임제 정부를 구성하다,X,제2공화국 헌법
73회,심화,47,2,3,5·10 총선거,반민족 행위자를 처벌할 수 있는 근거를 마련하다,O,5·10 총선거
73회,심화,47,2,3,5·10 총선거,국민의 직접 선거로 5년 단임제 대통령을 선출하다,X,6월 민주항쟁
73회,심화,47,2,3,5·10 총선거,초대 대통령의 중임 제한 철폐 장기 집권 체제를 강화하다,X,사사오입 개헌
73회,심화,47,2,3,5·10 총선거,긴급 조치 대통령이 국민의 기본권을 제한할 수 있게 하다,X,유신헌법
73회,심화,48,1,1.5,5·18 광주민주화운동,4·13 호헌 조치 철폐를 요구하였다.,X,6월 민주항쟁
73회,심화,48,1,1.5,5·18 광주민주화운동,시민군을 조직하여 계엄군에 대항하였다.,O,5·18 광주민주화운동
73회,심화,48,1,1.5,5·18 광주민주화운동,시위 도중 김주열의 최루탄에 의한 죽음으로 확산되었다.,X,4·19 혁명
73회,심화,48,1,1.5,5·18 광주민주화운동,직선제 개헌을 약속한 6·29 민주화 선언을 이끌어 냈다.,X,6월 민주항쟁
73회,심화,48,1,1.5,5·18 광주민주화운동,국민의 요구에 굴복하여 대통령이 하야하는 결과를 가져왔다.,X,4·19 혁명
73회,심화,49,2,3,박정희 정부,거리에서 장발과 미니스커트를 단속하는 경찰,O,박정희 정부
73회,심화,49,2,3,박정희 정부,교복 자율화 조치로 사복을 입고 등교하는 학생,X,전두환 정부
73회,심화,49,2,3,박정희 정부,금융 실명제에 따라 신분증 제시를 요구하는 은행원,X,김영삼 정부
73회,심화,49,2,3,박정희 정부,칠레와의 자유 무역 협정(FTA) 비준을 보도하는 기자,X,노무현 정부
73회,심화,49,2,3,박정희 정부,전국 민주 노동조합 총연맹 창립 대회에 참가하는 노동자,X,김영삼 정부
73회,심화,50,3,4.5,문재인 정부 통일,7·4 남북 공동 성명이 발표되었다.,X,박정희 정부 통일
73회,심화,50,3,4.5,문재인 정부 통일,개성 공업 지구 조성이 합의되었다.,X,노무현 정부
73회,심화,50,3,4.5,문재인 정부 통일,남북한이 국제 연합(UN)에 동시 가입하였다.,X,노태우 정부 통일
73회,심화,50,3,4.5,문재인 정부 통일,남북 이산가족 고향 방문단의 교환이 최초로 실현되었다.,X,전두환 정부 통일
73회,심화,50,3,4.5,문재인 정부 통일,평창 동계 올림픽 개막식에서 남북 선수단이 공동 입장하였다.,O,문재인 정부 통일
